2026-07-25T16:55:33.3455148Z Current runner version: '2.336.0'
2026-07-25T16:55:33.3474646Z ##[group]Runner Image Provisioner
2026-07-25T16:55:33.3475343Z Hosted Compute Agent
2026-07-25T16:55:33.3475768Z Version: 20260707.563
2026-07-25T16:55:33.3476169Z Commit: 02667638d2b423fbc733a8e32a88b44996a3ba6e
2026-07-25T16:55:33.3476669Z Build Date: 2026-07-07T19:33:50Z
2026-07-25T16:55:33.3477104Z Worker ID: {1a292a5a-663f-48e1-9d39-6636756f73c5}
2026-07-25T16:55:33.3477603Z Azure Region: westus3
2026-07-25T16:55:33.3478068Z ##[endgroup]
2026-07-25T16:55:33.3478920Z ##[group]Operating System
2026-07-25T16:55:33.3479373Z Ubuntu
2026-07-25T16:55:33.3479683Z 24.04.4
2026-07-25T16:55:33.3480014Z LTS
2026-07-25T16:55:33.3480383Z ##[endgroup]
2026-07-25T16:55:33.3480773Z ##[group]Runner Image
2026-07-25T16:55:33.3481208Z Image: ubuntu-24.04
2026-07-25T16:55:33.3481581Z Version: 20260720.247.2
2026-07-25T16:55:33.3482360Z Included Software: https://github.com/actions/runner-images/blob/ubuntu24/20260720.247/images/ubuntu/Ubuntu2404-Readme.md
2026-07-25T16:55:33.3483369Z Image Release: https://github.com/actions/runner-images/releases/tag/ubuntu24%2F20260720.247
2026-07-25T16:55:33.3484218Z ##[endgroup]
2026-07-25T16:55:33.3484980Z ##[group]GITHUB_TOKEN Permissions
2026-07-25T16:55:33.3486838Z Contents: read
2026-07-25T16:55:33.3487245Z Metadata: read
2026-07-25T16:55:33.3487584Z ##[endgroup]
2026-07-25T16:55:33.3489155Z Secret source: Actions
2026-07-25T16:55:33.3489820Z Prepare workflow directory
2026-07-25T16:55:33.3721880Z Prepare all required actions
2026-07-25T16:55:33.3753606Z Getting action download info
2026-07-25T16:55:33.6971408Z Download action repository 'actions/checkout@v7' (SHA:3d3c42e5aac5ba805825da76410c181273ba90b1)
2026-07-25T16:55:34.6561273Z Download action repository 'actions/setup-node@v6' (SHA:249970729cb0ef3589644e2896645e5dc5ba9c38)
2026-07-25T16:55:36.3230960Z Complete job name: Kernel (Node 22 / ubuntu-latest)
2026-07-25T16:55:36.3790395Z ##[group]Run actions/checkout@v7
2026-07-25T16:55:36.3790742Z with:
2026-07-25T16:55:36.3790913Z   fetch-depth: 0
2026-07-25T16:55:36.3791080Z   repository: GarrettAudet/SWECircuit
2026-07-25T16:55:36.3792735Z   token: ***
2026-07-25T16:55:36.3792886Z   ssh-strict: true
2026-07-25T16:55:36.3793041Z   ssh-user: git
2026-07-25T16:55:36.3793200Z   persist-credentials: true
2026-07-25T16:55:36.3793385Z   clean: true
2026-07-25T16:55:36.3793556Z   sparse-checkout-cone-mode: true
2026-07-25T16:55:36.3793898Z   fetch-tags: false
2026-07-25T16:55:36.3794054Z   show-progress: true
2026-07-25T16:55:36.3794219Z   lfs: false
2026-07-25T16:55:36.3794374Z   submodules: false
2026-07-25T16:55:36.3794533Z   set-safe-directory: true
2026-07-25T16:55:36.3794708Z   allow-unsafe-pr-checkout: false
2026-07-25T16:55:36.3794976Z ##[endgroup]
2026-07-25T16:55:36.4554204Z Syncing repository: GarrettAudet/SWECircuit
2026-07-25T16:55:36.4555420Z ##[group]Getting Git version info
2026-07-25T16:55:36.4555765Z Working directory is '/home/runner/work/SWECircuit/SWECircuit'
2026-07-25T16:55:36.4556257Z [command]/usr/bin/git version
2026-07-25T16:55:36.4662828Z git version 2.54.0
2026-07-25T16:55:36.4678502Z ##[endgroup]
2026-07-25T16:55:36.4691335Z Temporarily overriding HOME='/home/runner/work/_temp/67f22947-5cc9-401e-ba25-3b8ed6dd2fff' before making global git config changes
2026-07-25T16:55:36.4692222Z Adding repository directory to the temporary git global config as a safe directory
2026-07-25T16:55:36.4696391Z [command]/usr/bin/git config --global --add safe.directory /home/runner/work/SWECircuit/SWECircuit
2026-07-25T16:55:36.4776654Z Deleting the contents of '/home/runner/work/SWECircuit/SWECircuit'
2026-07-25T16:55:36.4779700Z ##[group]Determining repository object format
2026-07-25T16:55:36.4781063Z ##[endgroup]
2026-07-25T16:55:36.4781475Z ##[group]Initializing the repository
2026-07-25T16:55:36.4791937Z [command]/usr/bin/git init /home/runner/work/SWECircuit/SWECircuit
2026-07-25T16:55:36.6063192Z hint: Using 'master' as the name for the initial branch. This default branch name
2026-07-25T16:55:36.6064131Z hint: will change to "main" in Git 3.0. To configure the initial branch name
2026-07-25T16:55:36.6064983Z hint: to use in all of your new repositories, which will suppress this warning,
2026-07-25T16:55:36.6065428Z hint: call:
2026-07-25T16:55:36.6065590Z hint:
2026-07-25T16:55:36.6066035Z hint: 	git config --global init.defaultBranch <name>
2026-07-25T16:55:36.6066414Z hint:
2026-07-25T16:55:36.6066709Z hint: Names commonly chosen instead of 'master' are 'main', 'trunk' and
2026-07-25T16:55:36.6067041Z hint: 'development'. The just-created branch can be renamed via this command:
2026-07-25T16:55:36.6067287Z hint:
2026-07-25T16:55:36.6067469Z hint: 	git branch -m <name>
2026-07-25T16:55:36.6067707Z hint:
2026-07-25T16:55:36.6067951Z hint: Disable this message with "git config set advice.defaultBranchName false"
2026-07-25T16:55:36.6068316Z Initialized empty Git repository in /home/runner/work/SWECircuit/SWECircuit/.git/
2026-07-25T16:55:36.6073279Z [command]/usr/bin/git remote add origin https://github.com/GarrettAudet/SWECircuit
2026-07-25T16:55:36.6578584Z ##[endgroup]
2026-07-25T16:55:36.6578937Z ##[group]Disabling automatic garbage collection
2026-07-25T16:55:36.6582819Z [command]/usr/bin/git config --local gc.auto 0
2026-07-25T16:55:36.7788625Z ##[endgroup]
2026-07-25T16:55:36.7789318Z ##[group]Setting up auth
2026-07-25T16:55:36.7789842Z Removing SSH command configuration
2026-07-25T16:55:36.7794378Z [command]/usr/bin/git config --local --name-only --get-regexp core\.sshCommand
2026-07-25T16:55:36.7830999Z [command]/usr/bin/git submodule foreach --recursive sh -c "git config --local --name-only --get-regexp 'core\.sshCommand' && git config --local --unset-all 'core.sshCommand' || :"
2026-07-25T16:55:36.8902491Z Removing HTTP extra header
2026-07-25T16:55:36.8907452Z [command]/usr/bin/git config --local --name-only --get-regexp http\.https\:\/\/github\.com\/\.extraheader
2026-07-25T16:55:36.8942213Z [command]/usr/bin/git submodule foreach --recursive sh -c "git config --local --name-only --get-regexp 'http\.https\:\/\/github\.com\/\.extraheader' && git config --local --unset-all 'http.https://github.com/.extraheader' || :"
2026-07-25T16:55:36.9148481Z Removing includeIf entries pointing to credentials config files
2026-07-25T16:55:36.9152527Z [command]/usr/bin/git config --local --name-only --get-regexp ^includeIf\.gitdir:
2026-07-25T16:55:36.9193499Z [command]/usr/bin/git submodule foreach --recursive git config --local --show-origin --name-only --get-regexp remote.origin.url
2026-07-25T16:55:36.9411092Z [command]/usr/bin/git config --file /home/runner/work/_temp/git-credentials-65404fb5-ee11-45e0-b54f-f9371e68ee97.config http.https://github.com/.extraheader AUTHORIZATION: basic ***
2026-07-25T16:55:36.9453936Z [command]/usr/bin/git config --local includeIf.gitdir:/home/runner/work/SWECircuit/SWECircuit/.git.path /home/runner/work/_temp/git-credentials-65404fb5-ee11-45e0-b54f-f9371e68ee97.config
2026-07-25T16:55:36.9717551Z [command]/usr/bin/git config --local includeIf.gitdir:/home/runner/work/SWECircuit/SWECircuit/.git/worktrees/*.path /home/runner/work/_temp/git-credentials-65404fb5-ee11-45e0-b54f-f9371e68ee97.config
2026-07-25T16:55:37.0672128Z [command]/usr/bin/git config --local includeIf.gitdir:/github/workspace/.git.path /github/runner_temp/git-credentials-65404fb5-ee11-45e0-b54f-f9371e68ee97.config
2026-07-25T16:55:37.1384423Z [command]/usr/bin/git config --local includeIf.gitdir:/github/workspace/.git/worktrees/*.path /github/runner_temp/git-credentials-65404fb5-ee11-45e0-b54f-f9371e68ee97.config
2026-07-25T16:55:37.1419286Z ##[endgroup]
2026-07-25T16:55:37.1419688Z ##[group]Fetching the repository
2026-07-25T16:55:37.1427745Z [command]/usr/bin/git -c protocol.version=2 fetch --no-tags --prune --no-recurse-submodules origin +refs/heads/*:refs/remotes/origin/* +refs/tags/*:refs/tags/*
2026-07-25T16:55:39.5046043Z From https://github.com/GarrettAudet/SWECircuit
2026-07-25T16:55:39.5046716Z  * [new branch]      codex/swecircuit-identity-main -> origin/codex/swecircuit-identity-main
2026-07-25T16:55:39.5047104Z  * [new branch]      codex/v10-executor-adapter -> origin/codex/v10-executor-adapter
2026-07-25T16:55:39.5047720Z  * [new branch]      codex/v11-orchestration-planner -> origin/codex/v11-orchestration-planner
2026-07-25T16:55:39.5048043Z  * [new branch]      codex/v11.1-readme-release -> origin/codex/v11.1-readme-release
2026-07-25T16:55:39.5048390Z  * [new branch]      codex/v12-ide-run-loop  -> origin/codex/v12-ide-run-loop
2026-07-25T16:55:39.5048947Z  * [new branch]      codex/v5-modular-orchestration-framework -> origin/codex/v5-modular-orchestration-framework
2026-07-25T16:55:39.5049350Z  * [new branch]      codex/v6-module-rail-catalog -> origin/codex/v6-module-rail-catalog
2026-07-25T16:55:39.5049679Z  * [new branch]      codex/v7-readme-demo-polish -> origin/codex/v7-readme-demo-polish
2026-07-25T16:55:39.5050023Z  * [new branch]      codex/v8-readme-visual-clarity -> origin/codex/v8-readme-visual-clarity
2026-07-25T16:55:39.5050396Z  * [new branch]      codex/v8.1-baseline-integrity -> origin/codex/v8.1-baseline-integrity
2026-07-25T16:55:39.5050754Z  * [new branch]      codex/v9-devrail-kernel -> origin/codex/v9-devrail-kernel
2026-07-25T16:55:39.5051037Z  * [new branch]      main                    -> origin/main
2026-07-25T16:55:39.5084572Z [command]/usr/bin/git branch --list --remote origin/codex/v12-ide-run-loop
2026-07-25T16:55:39.5102052Z   origin/codex/v12-ide-run-loop
2026-07-25T16:55:39.5109392Z [command]/usr/bin/git rev-parse refs/remotes/origin/codex/v12-ide-run-loop
2026-07-25T16:55:39.5134190Z 33dbd5c9829446b51b04d589fc963f8b7095d442
2026-07-25T16:55:39.5137379Z ##[endgroup]
2026-07-25T16:55:39.5137656Z ##[group]Determining the checkout info
2026-07-25T16:55:39.5138159Z ##[endgroup]
2026-07-25T16:55:39.5140974Z [command]/usr/bin/git sparse-checkout disable
2026-07-25T16:55:39.5177157Z [command]/usr/bin/git config --local --unset-all extensions.worktreeConfig
2026-07-25T16:55:39.5204940Z ##[group]Checking out the ref
2026-07-25T16:55:39.5207629Z [command]/usr/bin/git checkout --progress --force -B codex/v12-ide-run-loop refs/remotes/origin/codex/v12-ide-run-loop
2026-07-25T16:55:39.8284403Z Switched to a new branch 'codex/v12-ide-run-loop'
2026-07-25T16:55:39.8284999Z branch 'codex/v12-ide-run-loop' set up to track 'origin/codex/v12-ide-run-loop'.
2026-07-25T16:55:39.8324591Z ##[endgroup]
2026-07-25T16:55:39.8369718Z [command]/usr/bin/git log -1 --format=%H
2026-07-25T16:55:39.8397318Z 33dbd5c9829446b51b04d589fc963f8b7095d442
2026-07-25T16:55:39.8587813Z ##[group]Run actions/setup-node@v6
2026-07-25T16:55:39.8588050Z with:
2026-07-25T16:55:39.8588170Z   node-version: 22
2026-07-25T16:55:39.8588293Z   check-latest: false
2026-07-25T16:55:39.8589815Z   token: ***
2026-07-25T16:55:39.8589943Z   package-manager-cache: true
2026-07-25T16:55:39.8590095Z ##[endgroup]
2026-07-25T16:55:39.9724608Z Found in cache @ /opt/hostedtoolcache/node/22.23.1/x64
2026-07-25T16:55:39.9726119Z ##[group]Environment details
2026-07-25T16:55:40.6656831Z node: v22.23.1
2026-07-25T16:55:40.6657096Z npm: 10.9.8
2026-07-25T16:55:40.6657308Z yarn: 1.22.22
2026-07-25T16:55:40.6723414Z ##[endgroup]
2026-07-25T16:55:40.6790472Z ##[group]Run npm ci --ignore-scripts --no-audit --no-fund
2026-07-25T16:55:40.6790778Z [36;1mnpm ci --ignore-scripts --no-audit --no-fund[0m
2026-07-25T16:55:40.6839520Z shell: /usr/bin/bash -e {0}
2026-07-25T16:55:40.6839701Z ##[endgroup]
2026-07-25T16:55:43.1337169Z 
2026-07-25T16:55:43.1343342Z added 12 packages in 2s
2026-07-25T16:55:43.1753635Z ##[group]Run npm run verify
2026-07-25T16:55:43.1754048Z [36;1mnpm run verify[0m
2026-07-25T16:55:43.1792321Z shell: /usr/bin/bash -e {0}
2026-07-25T16:55:43.1792475Z ##[endgroup]
2026-07-25T16:55:43.2507718Z 
2026-07-25T16:55:43.2508389Z > swecircuit@0.0.0 verify
2026-07-25T16:55:43.2509144Z > npm run format:check && npm run lint && npm run typecheck && npm test && npm run example:specialist && npm run dogfood:v10 && npm run dogfood:v11 && npm run dogfood:v12 && npm run pack:check && npm run consumer:check
2026-07-25T16:55:43.2509557Z 
2026-07-25T16:55:43.3219950Z 
2026-07-25T16:55:43.3220975Z > swecircuit@0.0.0 format:check
2026-07-25T16:55:43.3222673Z > biome format src test schemas examples/specialist-compiler scripts/run-v9-dogfood.mjs scripts/run-v10-dogfood.mjs scripts/run-v11-dogfood.mjs scripts/run-v12-dogfood.mjs scripts/run-v12-release-gate.mjs scripts/run-v12-release-review.mjs scripts/run-typescript.mjs docs/specs/v12-ide-run-loop/evidence/release-review-r2/run-release-review.mjs docs/specs/v12-ide-run-loop/evidence/release-review-r2/verify-release-review-handoffs.mjs scripts/check-packed-consumer.mjs scripts/fixtures/packed-consumer-host.ts package.json tsconfig.json biome.json
2026-07-25T16:55:43.3224001Z 
2026-07-25T16:55:43.4345538Z Checked 109 files in 79ms. No fixes applied.
2026-07-25T16:55:43.5147515Z 
2026-07-25T16:55:43.5148242Z > swecircuit@0.0.0 lint
2026-07-25T16:55:43.5150883Z > biome lint src test examples/specialist-compiler scripts/run-v9-dogfood.mjs scripts/run-v10-dogfood.mjs scripts/run-v11-dogfood.mjs scripts/run-v12-dogfood.mjs scripts/run-v12-release-gate.mjs scripts/run-v12-release-review.mjs scripts/run-typescript.mjs docs/specs/v12-ide-run-loop/evidence/release-review-r2/run-release-review.mjs docs/specs/v12-ide-run-loop/evidence/release-review-r2/verify-release-review-handoffs.mjs scripts/check-packed-consumer.mjs scripts/fixtures/packed-consumer-host.ts
2026-07-25T16:55:43.5152849Z 
2026-07-25T16:55:43.7049856Z scripts/run-v12-dogfood.mjs:34:11 lint/style/useTemplate  FIXABLE  ━━━━━━━━━━━━━━━━━━━━━━━━━━━━━━━━━
2026-07-25T16:55:43.7050474Z 
2026-07-25T16:55:43.7051123Z   i Template literals are preferred over string concatenation.
2026-07-25T16:55:43.7051486Z   
2026-07-25T16:55:43.7051786Z     32 │   {
2026-07-25T16:55:43.7052036Z     33 │     revision: 1,
2026-07-25T16:55:43.7052456Z   > 34 │     root: RELEASE_CORRECTION_BASE + "/release-correction",
2026-07-25T16:55:43.7052912Z        │           ^^^^^^^^^^^^^^^^^^^^^^^^^^^^^^^^^^^^^^^^^^^^^^^
2026-07-25T16:55:43.7053237Z     35 │     expectation: {
2026-07-25T16:55:43.7053984Z     36 │       compilationDigest: "sha256:45fa97ffb1fdb7f95ae33203e9f727c0f66c27a1b2fa344f06a9569b165ae4c2",
2026-07-25T16:55:43.7054486Z   
2026-07-25T16:55:43.7054701Z   i Unsafe fix: Use a template literal.
2026-07-25T16:55:43.7054994Z   
2026-07-25T16:55:43.7059772Z       32   32 │     {
2026-07-25T16:55:43.7060267Z       33   33 │       revision: 1,
2026-07-25T16:55:43.7061230Z       34      │ - ····root:·RELEASE_CORRECTION_BASE·+·"/release-correction",
2026-07-25T16:55:43.7061895Z            34 │ + ····root:·`${RELEASE_CORRECTION_BASE}/release-correction`,
2026-07-25T16:55:43.7062466Z       35   35 │       expectation: {
2026-07-25T16:55:43.7063270Z       36   36 │         compilationDigest: "sha256:45fa97ffb1fdb7f95ae33203e9f727c0f66c27a1b2fa344f06a9569b165ae4c2",
2026-07-25T16:55:43.7063687Z   
2026-07-25T16:55:43.7063901Z 
2026-07-25T16:55:43.7064236Z scripts/run-v12-dogfood.mjs:75:11 lint/style/useTemplate  FIXABLE  ━━━━━━━━━━━━━━━━━━━━━━━━━━━━━━━━━
2026-07-25T16:55:43.7064584Z 
2026-07-25T16:55:43.7064804Z   i Template literals are preferred over string concatenation.
2026-07-25T16:55:43.7065104Z   
2026-07-25T16:55:43.7065292Z     73 │   {
2026-07-25T16:55:43.7065562Z     74 │     revision: 2,
2026-07-25T16:55:43.7065946Z   > 75 │     root: RELEASE_CORRECTION_BASE + "/release-correction-r2",
2026-07-25T16:55:43.7066384Z        │           ^^^^^^^^^^^^^^^^^^^^^^^^^^^^^^^^^^^^^^^^^^^^^^^^^^
2026-07-25T16:55:43.7067172Z     76 │     expectation: {
2026-07-25T16:55:43.7067541Z     77 │       compilationDigest: "sha256:ce22dcd5bc7b96d7399fa792ab9ab35c0b10af9a0a4c437fd3d184dfe3eec672",
2026-07-25T16:55:43.7067816Z   
2026-07-25T16:55:43.7067954Z   i Unsafe fix: Use a template literal.
2026-07-25T16:55:43.7068103Z   
2026-07-25T16:55:43.7073845Z       73   73 │     {
2026-07-25T16:55:43.7074155Z       74   74 │       revision: 2,
2026-07-25T16:55:43.7074882Z       75      │ - ····root:·RELEASE_CORRECTION_BASE·+·"/release-correction-r2",
2026-07-25T16:55:43.7075595Z            75 │ + ····root:·`${RELEASE_CORRECTION_BASE}/release-correction-r2`,
2026-07-25T16:55:43.7076325Z       76   76 │       expectation: {
2026-07-25T16:55:43.7077005Z       77   77 │         compilationDigest: "sha256:ce22dcd5bc7b96d7399fa792ab9ab35c0b10af9a0a4c437fd3d184dfe3eec672",
2026-07-25T16:55:43.7077499Z   
2026-07-25T16:55:43.7077599Z 
2026-07-25T16:55:43.7078356Z scripts/run-v12-dogfood.mjs:104:11 lint/style/useTemplate  FIXABLE  ━━━━━━━━━━━━━━━━━━━━━━━━━━━━━━━━
2026-07-25T16:55:43.7078736Z 
2026-07-25T16:55:43.7079028Z   i Template literals are preferred over string concatenation.
2026-07-25T16:55:43.7079327Z   
2026-07-25T16:55:43.7079510Z     102 │   {
2026-07-25T16:55:43.7079774Z     103 │     revision: 3,
2026-07-25T16:55:43.7080206Z   > 104 │     root: RELEASE_CORRECTION_BASE + "/release-correction-r3",
2026-07-25T16:55:43.7080678Z         │           ^^^^^^^^^^^^^^^^^^^^^^^^^^^^^^^^^^^^^^^^^^^^^^^^^^
2026-07-25T16:55:43.7081043Z     105 │     expectation: {
2026-07-25T16:55:43.7081689Z     106 │       compilationDigest: "sha256:ded9a26906a9a00a5f0b12dc3420e909a91e70ef9a3ee03905ac1676efb40638",
2026-07-25T16:55:43.7082210Z   
2026-07-25T16:55:43.7082441Z   i Unsafe fix: Use a template literal.
2026-07-25T16:55:43.7082725Z   
2026-07-25T16:55:43.7088227Z      102  102 │     {
2026-07-25T16:55:43.7088539Z      103  103 │       revision: 3,
2026-07-25T16:55:43.7089013Z      104      │ - ····root:·RELEASE_CORRECTION_BASE·+·"/release-correction-r3",
2026-07-25T16:55:43.7089595Z           104 │ + ····root:·`${RELEASE_CORRECTION_BASE}/release-correction-r3`,
2026-07-25T16:55:43.7090032Z      105  105 │       expectation: {
2026-07-25T16:55:43.7091113Z      106  106 │         compilationDigest: "sha256:ded9a26906a9a00a5f0b12dc3420e909a91e70ef9a3ee03905ac1676efb40638",
2026-07-25T16:55:43.7091593Z   
2026-07-25T16:55:43.7091733Z 
2026-07-25T16:55:43.7092537Z scripts/run-v12-dogfood.mjs:133:11 lint/style/useTemplate  FIXABLE  ━━━━━━━━━━━━━━━━━━━━━━━━━━━━━━━━
2026-07-25T16:55:43.7092895Z 
2026-07-25T16:55:43.7093139Z   i Template literals are preferred over string concatenation.
2026-07-25T16:55:43.7093490Z   
2026-07-25T16:55:43.7093675Z     131 │   {
2026-07-25T16:55:43.7094044Z     132 │     revision: 4,
2026-07-25T16:55:43.7094426Z   > 133 │     root: RELEASE_CORRECTION_BASE + "/release-correction-r4",
2026-07-25T16:55:43.7094864Z         │           ^^^^^^^^^^^^^^^^^^^^^^^^^^^^^^^^^^^^^^^^^^^^^^^^^^
2026-07-25T16:55:43.7095184Z     134 │     expectation: {
2026-07-25T16:55:43.7096086Z     135 │       compilationDigest: "sha256:aa13bb1f6a8ff21658b718ccd46e6a5a26dacd8d1c9baa990b92e37161627660",
2026-07-25T16:55:43.7096611Z   
2026-07-25T16:55:43.7096825Z   i Unsafe fix: Use a template literal.
2026-07-25T16:55:43.7097103Z   
2026-07-25T16:55:43.7102673Z      131  131 │     {
2026-07-25T16:55:43.7102943Z      132  132 │       revision: 4,
2026-07-25T16:55:43.7103493Z      133      │ - ····root:·RELEASE_CORRECTION_BASE·+·"/release-correction-r4",
2026-07-25T16:55:43.7104252Z           133 │ + ····root:·`${RELEASE_CORRECTION_BASE}/release-correction-r4`,
2026-07-25T16:55:43.7104673Z      134  134 │       expectation: {
2026-07-25T16:55:43.7105396Z      135  135 │         compilationDigest: "sha256:aa13bb1f6a8ff21658b718ccd46e6a5a26dacd8d1c9baa990b92e37161627660",
2026-07-25T16:55:43.7105784Z   
2026-07-25T16:55:43.7105880Z 
2026-07-25T16:55:43.7106433Z scripts/run-v12-dogfood.mjs:167:13 lint/style/useTemplate  FIXABLE  ━━━━━━━━━━━━━━━━━━━━━━━━━━━━━━━━
2026-07-25T16:55:43.7106906Z 
2026-07-25T16:55:43.7107098Z   i Template literals are preferred over string concatenation.
2026-07-25T16:55:43.7107395Z   
2026-07-25T16:55:43.7107620Z     165 │     route: "redesign",
2026-07-25T16:55:43.7107922Z     166 │     binding: {
2026-07-25T16:55:43.7108393Z   > 167 │       path: RELEASE_CORRECTION_BASE + "/release-correction-r2/replan.json",
2026-07-25T16:55:43.7108841Z         │             ^^^^^^^^^^^^^^^^^^^^^^^^^^^^^^^^^^^^^^^^^^^^^^^^^^^^^^^^^^^^^^
2026-07-25T16:55:43.7109178Z     168 │       bytes: 3795,
2026-07-25T16:55:43.7109715Z     169 │       digest: "sha256:73fcd5841f739c4f353355ddba6b412d68c3b2d8233ccc371ef2de9a2477d282",
2026-07-25T16:55:43.7110192Z   
2026-07-25T16:55:43.7110394Z   i Unsafe fix: Use a template literal.
2026-07-25T16:55:43.7110670Z   
2026-07-25T16:55:43.7114634Z      165  165 │       route: "redesign",
2026-07-25T16:55:43.7114929Z      166  166 │       binding: {
2026-07-25T16:55:43.7115649Z      167      │ - ······path:·RELEASE_CORRECTION_BASE·+·"/release-correction-r2/replan.json",
2026-07-25T16:55:43.7116345Z           167 │ + ······path:·`${RELEASE_CORRECTION_BASE}/release-correction-r2/replan.json`,
2026-07-25T16:55:43.7116794Z      168  168 │         bytes: 3795,
2026-07-25T16:55:43.7117561Z      169  169 │         digest: "sha256:73fcd5841f739c4f353355ddba6b412d68c3b2d8233ccc371ef2de9a2477d282",
2026-07-25T16:55:43.7118047Z   
2026-07-25T16:55:43.7118148Z 
2026-07-25T16:55:43.7119188Z scripts/run-v12-dogfood.mjs:177:13 lint/style/useTemplate  FIXABLE  ━━━━━━━━━━━━━━━━━━━━━━━━━━━━━━━━
2026-07-25T16:55:43.7119556Z 
2026-07-25T16:55:43.7119811Z   i Template literals are preferred over string concatenation.
2026-07-25T16:55:43.7120172Z   
2026-07-25T16:55:43.7120387Z     175 │     route: "split",
2026-07-25T16:55:43.7120678Z     176 │     binding: {
2026-07-25T16:55:43.7121110Z   > 177 │       path: RELEASE_CORRECTION_BASE + "/release-correction-r3/replan.json",
2026-07-25T16:55:43.7121626Z         │             ^^^^^^^^^^^^^^^^^^^^^^^^^^^^^^^^^^^^^^^^^^^^^^^^^^^^^^^^^^^^^^
2026-07-25T16:55:43.7121977Z     178 │       bytes: 2807,
2026-07-25T16:55:43.7122792Z     179 │       digest: "sha256:67eac872b0d88bbade9af9afda268178f57077b0abdc4f605444ead1da6c186c",
2026-07-25T16:55:43.7123257Z   
2026-07-25T16:55:43.7123474Z   i Unsafe fix: Use a template literal.
2026-07-25T16:55:43.7123865Z   
2026-07-25T16:55:43.7129674Z      175  175 │       route: "split",
2026-07-25T16:55:43.7129967Z      176  176 │       binding: {
2026-07-25T16:55:43.7130620Z      177      │ - ······path:·RELEASE_CORRECTION_BASE·+·"/release-correction-r3/replan.json",
2026-07-25T16:55:43.7131286Z           177 │ + ······path:·`${RELEASE_CORRECTION_BASE}/release-correction-r3/replan.json`,
2026-07-25T16:55:43.7131719Z      178  178 │         bytes: 2807,
2026-07-25T16:55:43.7132429Z      179  179 │         digest: "sha256:67eac872b0d88bbade9af9afda268178f57077b0abdc4f605444ead1da6c186c",
2026-07-25T16:55:43.7132868Z   
2026-07-25T16:55:43.7132960Z 
2026-07-25T16:55:43.7134251Z scripts/run-v12-dogfood.mjs:187:13 lint/style/useTemplate  FIXABLE  ━━━━━━━━━━━━━━━━━━━━━━━━━━━━━━━━
2026-07-25T16:55:43.7134614Z 
2026-07-25T16:55:43.7134810Z   i Template literals are preferred over string concatenation.
2026-07-25T16:55:43.7135108Z   
2026-07-25T16:55:43.7135313Z     185 │     route: "split",
2026-07-25T16:55:43.7135556Z     186 │     binding: {
2026-07-25T16:55:43.7136100Z   > 187 │       path: RELEASE_CORRECTION_BASE + "/release-correction-r4/replan.json",
2026-07-25T16:55:43.7136598Z         │             ^^^^^^^^^^^^^^^^^^^^^^^^^^^^^^^^^^^^^^^^^^^^^^^^^^^^^^^^^^^^^^
2026-07-25T16:55:43.7136929Z     188 │       bytes: 2701,
2026-07-25T16:55:43.7137590Z     189 │       digest: "sha256:64376261a673ebc7ec29222ee90569097915879521d8ea062a36a9d156e8b34d",
2026-07-25T16:55:43.7137989Z   
2026-07-25T16:55:43.7138208Z   i Unsafe fix: Use a template literal.
2026-07-25T16:55:43.7138447Z   
2026-07-25T16:55:43.7143660Z      185  185 │       route: "split",
2026-07-25T16:55:43.7144259Z      186  186 │       binding: {
2026-07-25T16:55:43.7145284Z      187      │ - ······path:·RELEASE_CORRECTION_BASE·+·"/release-correction-r4/replan.json",
2026-07-25T16:55:43.7145899Z           187 │ + ······path:·`${RELEASE_CORRECTION_BASE}/release-correction-r4/replan.json`,
2026-07-25T16:55:43.7146342Z      188  188 │         bytes: 2701,
2026-07-25T16:55:43.7146728Z      189  189 │         digest: "sha256:64376261a673ebc7ec29222ee90569097915879521d8ea062a36a9d156e8b34d",
2026-07-25T16:55:43.7146973Z   
2026-07-25T16:55:43.7147085Z 
2026-07-25T16:55:43.7147928Z scripts/run-v12-dogfood.mjs:200:10 lint/style/useTemplate  FIXABLE  ━━━━━━━━━━━━━━━━━━━━━━━━━━━━━━━━
2026-07-25T16:55:43.7148261Z 
2026-07-25T16:55:43.7148383Z   i Template literals are preferred over string concatenation.
2026-07-25T16:55:43.7148655Z   
2026-07-25T16:55:43.7148903Z     199 │ function rawDigest(bytes) {
2026-07-25T16:55:43.7149635Z   > 200 │   return "sha256:" + createHash("sha256").update(bytes).digest("hex");
2026-07-25T16:55:43.7150481Z         │          ^^^^^^^^^^^^^^^^^^^^^^^^^^^^^^^^^^^^^^^^^^^^^^^^^^^^^^^^^^^^
2026-07-25T16:55:43.7150853Z     201 │ }
2026-07-25T16:55:43.7151048Z     202 │ 
2026-07-25T16:55:43.7151237Z   
2026-07-25T16:55:43.7151437Z   i Unsafe fix: Use a template literal.
2026-07-25T16:55:43.7151713Z   
2026-07-25T16:55:43.7158002Z      198  198 │   
2026-07-25T16:55:43.7158350Z      199  199 │   function rawDigest(bytes) {
2026-07-25T16:55:43.7159225Z      200      │ - ··return·"sha256:"·+·createHash("sha256").update(bytes).digest("hex");
2026-07-25T16:55:43.7159906Z           200 │ + ··return·`sha256:${createHash("sha256").update(bytes).digest("hex")}`;
2026-07-25T16:55:43.7160401Z      201  201 │   }
2026-07-25T16:55:43.7160664Z      202  202 │   
2026-07-25T16:55:43.7160891Z   
2026-07-25T16:55:43.7161035Z 
2026-07-25T16:55:43.7162014Z scripts/run-v12-dogfood.mjs:204:33 lint/style/useTemplate  FIXABLE  ━━━━━━━━━━━━━━━━━━━━━━━━━━━━━━━━
2026-07-25T16:55:43.7162416Z 
2026-07-25T16:55:43.7162702Z   i Template literals are preferred over string concatenation.
2026-07-25T16:55:43.7162999Z   
2026-07-25T16:55:43.7163286Z     203 │ function expectOk(label, result) {
2026-07-25T16:55:43.7164137Z   > 204 │   assert.equal(result.ok, true, label + ": " + JSON.stringify(result.diagnostics));
2026-07-25T16:55:43.7164805Z         │                                 ^^^^^^^^^^^^^^^^^^^^^^^^^^^^^^^^^^^^^^^^^^^^^^^^^
2026-07-25T16:55:43.7165503Z     205 │   assert.notEqual(result.value, null, label + ": missing value");
2026-07-25T16:55:43.7165944Z     206 │   return result.value;
2026-07-25T16:55:43.7166208Z   
2026-07-25T16:55:43.7166426Z   i Unsafe fix: Use a template literal.
2026-07-25T16:55:43.7166718Z   
2026-07-25T16:55:43.7172893Z      202  202 │   
2026-07-25T16:55:43.7173204Z      203  203 │   function expectOk(label, result) {
2026-07-25T16:55:43.7174171Z      204      │ - ··assert.equal(result.ok,·true,·label·+·":·"·+·JSON.stringify(result.diagnostics));
2026-07-25T16:55:43.7174979Z           204 │ + ··assert.equal(result.ok,·true,·`${label}:·${JSON.stringify(result.diagnostics)}`);
2026-07-25T16:55:43.7175621Z      205  205 │     assert.notEqual(result.value, null, label + ": missing value");
2026-07-25T16:55:43.7176004Z      206  206 │     return result.value;
2026-07-25T16:55:43.7176148Z   
2026-07-25T16:55:43.7176208Z 
2026-07-25T16:55:43.7177427Z scripts/run-v12-dogfood.mjs:205:39 lint/style/useTemplate  FIXABLE  ━━━━━━━━━━━━━━━━━━━━━━━━━━━━━━━━
2026-07-25T16:55:43.7177842Z 
2026-07-25T16:55:43.7178130Z   i Template literals are preferred over string concatenation.
2026-07-25T16:55:43.7178434Z   
2026-07-25T16:55:43.7178688Z     203 │ function expectOk(label, result) {
2026-07-25T16:55:43.7179289Z     204 │   assert.equal(result.ok, true, label + ": " + JSON.stringify(result.diagnostics));
2026-07-25T16:55:43.7179858Z   > 205 │   assert.notEqual(result.value, null, label + ": missing value");
2026-07-25T16:55:43.7180310Z         │                                       ^^^^^^^^^^^^^^^^^^^^^^^^^
2026-07-25T16:55:43.7180781Z     206 │   return result.value;
2026-07-25T16:55:43.7180936Z     207 │ }
2026-07-25T16:55:43.7181042Z   
2026-07-25T16:55:43.7181171Z   i Unsafe fix: Use a template literal.
2026-07-25T16:55:43.7181314Z   
2026-07-25T16:55:43.7187320Z      203  203 │   function expectOk(label, result) {
2026-07-25T16:55:43.7188028Z      204  204 │     assert.equal(result.ok, true, label + ": " + JSON.stringify(result.diagnostics));
2026-07-25T16:55:43.7188647Z      205      │ - ··assert.notEqual(result.value,·null,·label·+·":·missing·value");
2026-07-25T16:55:43.7189213Z           205 │ + ··assert.notEqual(result.value,·null,·`${label}:·missing·value`);
2026-07-25T16:55:43.7189804Z      206  206 │     return result.value;
2026-07-25T16:55:43.7189972Z      207  207 │   }
2026-07-25T16:55:43.7190084Z   
2026-07-25T16:55:43.7190138Z 
2026-07-25T16:55:43.7191229Z scripts/run-v12-dogfood.mjs:210:34 lint/style/useTemplate  FIXABLE  ━━━━━━━━━━━━━━━━━━━━━━━━━━━━━━━━
2026-07-25T16:55:43.7191508Z 
2026-07-25T16:55:43.7191639Z   i Template literals are preferred over string concatenation.
2026-07-25T16:55:43.7191882Z   
2026-07-25T16:55:43.7192393Z     209 │ function expectDiagnostic(label, result, code) {
2026-07-25T16:55:43.7192966Z   > 210 │   assert.equal(result.ok, false, label + ": expected " + code);
2026-07-25T16:55:43.7193428Z         │                                  ^^^^^^^^^^^^^^^^^^^^^^^^^^^^
2026-07-25T16:55:43.7194196Z     211 │   assert.equal(result.value, null, label + ": failure returned a value");
2026-07-25T16:55:43.7194534Z     212 │   assert.ok(
2026-07-25T16:55:43.7194654Z   
2026-07-25T16:55:43.7194779Z   i Unsafe fix: Use a template literal.
2026-07-25T16:55:43.7194931Z   
2026-07-25T16:55:43.7201010Z      208  208 │   
2026-07-25T16:55:43.7201431Z      209  209 │   function expectDiagnostic(label, result, code) {
2026-07-25T16:55:43.7202074Z      210      │ - ··assert.equal(result.ok,·false,·label·+·":·expected·"·+·code);
2026-07-25T16:55:43.7202720Z           210 │ + ··assert.equal(result.ok,·false,·`${label}:·expected·${code}`);
2026-07-25T16:55:43.7203366Z      211  211 │     assert.equal(result.value, null, label + ": failure returned a value");
2026-07-25T16:55:43.7203902Z      212  212 │     assert.ok(
2026-07-25T16:55:43.7204044Z   
2026-07-25T16:55:43.7204098Z 
2026-07-25T16:55:43.7205423Z scripts/run-v12-dogfood.mjs:211:36 lint/style/useTemplate  FIXABLE  ━━━━━━━━━━━━━━━━━━━━━━━━━━━━━━━━
2026-07-25T16:55:43.7205837Z 
2026-07-25T16:55:43.7206124Z   i Template literals are preferred over string concatenation.
2026-07-25T16:55:43.7206426Z   
2026-07-25T16:55:43.7206723Z     209 │ function expectDiagnostic(label, result, code) {
2026-07-25T16:55:43.7207214Z     210 │   assert.equal(result.ok, false, label + ": expected " + code);
2026-07-25T16:55:43.7207811Z   > 211 │   assert.equal(result.value, null, label + ": failure returned a value");
2026-07-25T16:55:43.7208350Z         │                                    ^^^^^^^^^^^^^^^^^^^^^^^^^^^^^^^^^^^^
2026-07-25T16:55:43.7208658Z     212 │   assert.ok(
2026-07-25T16:55:43.7209358Z     213 │     result.diagnostics.some((diagnostic) => diagnostic.code === code),
2026-07-25T16:55:43.7209717Z   
2026-07-25T16:55:43.7209927Z   i Unsafe fix: Use a template literal.
2026-07-25T16:55:43.7210165Z   
2026-07-25T16:55:43.7216296Z      209  209 │   function expectDiagnostic(label, result, code) {
2026-07-25T16:55:43.7216814Z      210  210 │     assert.equal(result.ok, false, label + ": expected " + code);
2026-07-25T16:55:43.7217440Z      211      │ - ··assert.equal(result.value,·null,·label·+·":·failure·returned·a·value");
2026-07-25T16:55:43.7218143Z           211 │ + ··assert.equal(result.value,·null,·`${label}:·failure·returned·a·value`);
2026-07-25T16:55:43.7218718Z      212  212 │     assert.ok(
2026-07-25T16:55:43.7219186Z      213  213 │       result.diagnostics.some((diagnostic) => diagnostic.code === code),
2026-07-25T16:55:43.7219557Z   
2026-07-25T16:55:43.7219675Z 
2026-07-25T16:55:43.7220796Z scripts/run-v12-dogfood.mjs:214:5 lint/style/useTemplate  FIXABLE  ━━━━━━━━━━━━━━━━━━━━━━━━━━━━━━━━━
2026-07-25T16:55:43.7221164Z 
2026-07-25T16:55:43.7221360Z   i Template literals are preferred over string concatenation.
2026-07-25T16:55:43.7221662Z   
2026-07-25T16:55:43.7221857Z     212 │   assert.ok(
2026-07-25T16:55:43.7222425Z     213 │     result.diagnostics.some((diagnostic) => diagnostic.code === code),
2026-07-25T16:55:43.7223009Z   > 214 │     label + ": missing " + code + ": " + JSON.stringify(result.diagnostics),
2026-07-25T16:55:43.7223602Z         │     ^^^^^^^^^^^^^^^^^^^^^^^^^^^^^^^^^^^^^^^^^^^^^^^^^^^^^^^^^^^^^^^^^^^^^^^
2026-07-25T16:55:43.7224026Z     215 │   );
2026-07-25T16:55:43.7224255Z     216 │   return code;
2026-07-25T16:55:43.7224453Z   
2026-07-25T16:55:43.7224663Z   i Unsafe fix: Use a template literal.
2026-07-25T16:55:43.7224903Z   
2026-07-25T16:55:43.7230169Z      212  212 │     assert.ok(
2026-07-25T16:55:43.7230832Z      213  213 │       result.diagnostics.some((diagnostic) => diagnostic.code === code),
2026-07-25T16:55:43.7231635Z      214      │ - ····label·+·":·missing·"·+·code·+·":·"·+·JSON.stringify(result.diagnostics),
2026-07-25T16:55:43.7232752Z           214 │ + ····`${label}:·missing·${code}:·${JSON.stringify(result.diagnostics)}`,
2026-07-25T16:55:43.7233160Z      215  215 │     );
2026-07-25T16:55:43.7233420Z      216  216 │     return code;
2026-07-25T16:55:43.7233640Z   
2026-07-25T16:55:43.7233851Z 
2026-07-25T16:55:43.7235137Z scripts/run-v12-dogfood.mjs:221:9 lint/style/useTemplate  FIXABLE  ━━━━━━━━━━━━━━━━━━━━━━━━━━━━━━━━━
2026-07-25T16:55:43.7235352Z 
2026-07-25T16:55:43.7235466Z   i Template literals are preferred over string concatenation.
2026-07-25T16:55:43.7235725Z   
2026-07-25T16:55:43.7235999Z     219 │ function buildGoal() {
2026-07-25T16:55:43.7236559Z     220 │   const acceptanceCriteria = WORK_UNIT_IDS.map((id) => ({
2026-07-25T16:55:43.7236932Z   > 221 │     id: "criterion." + id,
2026-07-25T16:55:43.7237217Z         │         ^^^^^^^^^^^^^^^^^
2026-07-25T16:55:43.7237538Z     222 │     description: "Complete " + id + ".",
2026-07-25T16:55:43.7237887Z     223 │     evidenceRequirements: [
2026-07-25T16:55:43.7238066Z   
2026-07-25T16:55:43.7238192Z   i Unsafe fix: Use a template literal.
2026-07-25T16:55:43.7238334Z   
2026-07-25T16:55:43.7243596Z      219  219 │   function buildGoal() {
2026-07-25T16:55:43.7244203Z      220  220 │     const acceptanceCriteria = WORK_UNIT_IDS.map((id) => ({
2026-07-25T16:55:43.7244644Z      221      │ - ····id:·"criterion."·+·id,
2026-07-25T16:55:43.7244987Z           221 │ + ····id:·`criterion.${id}`,
2026-07-25T16:55:43.7245440Z      222  222 │       description: "Complete " + id + ".",
2026-07-25T16:55:43.7245832Z      223  223 │       evidenceRequirements: [
2026-07-25T16:55:43.7246077Z   
2026-07-25T16:55:43.7246169Z 
2026-07-25T16:55:43.7247742Z scripts/run-v12-dogfood.mjs:222:18 lint/style/useTemplate  FIXABLE  ━━━━━━━━━━━━━━━━━━━━━━━━━━━━━━━━
2026-07-25T16:55:43.7248105Z 
2026-07-25T16:55:43.7248297Z   i Template literals are preferred over string concatenation.
2026-07-25T16:55:43.7248852Z   
2026-07-25T16:55:43.7249182Z     220 │   const acceptanceCriteria = WORK_UNIT_IDS.map((id) => ({
2026-07-25T16:55:43.7249567Z     221 │     id: "criterion." + id,
2026-07-25T16:55:43.7249897Z   > 222 │     description: "Complete " + id + ".",
2026-07-25T16:55:43.7250237Z         │                  ^^^^^^^^^^^^^^^^^^^^^^
2026-07-25T16:55:43.7250551Z     223 │     evidenceRequirements: [
2026-07-25T16:55:43.7250822Z     224 │       {
2026-07-25T16:55:43.7251000Z   
2026-07-25T16:55:43.7251206Z   i Unsafe fix: Use a template literal.
2026-07-25T16:55:43.7251443Z   
2026-07-25T16:55:43.7257123Z      220  220 │     const acceptanceCriteria = WORK_UNIT_IDS.map((id) => ({
2026-07-25T16:55:43.7257683Z      221  221 │       id: "criterion." + id,
2026-07-25T16:55:43.7258063Z      222      │ - ····description:·"Complete·"·+·id·+·".",
2026-07-25T16:55:43.7258450Z           222 │ + ····description:·`Complete·${id}.`,
2026-07-25T16:55:43.7258822Z      223  223 │       evidenceRequirements: [
2026-07-25T16:55:43.7259121Z      224  224 │         {
2026-07-25T16:55:43.7259321Z   
2026-07-25T16:55:43.7259412Z 
2026-07-25T16:55:43.7260728Z scripts/run-v12-dogfood.mjs:225:13 lint/style/useTemplate  FIXABLE  ━━━━━━━━━━━━━━━━━━━━━━━━━━━━━━━━
2026-07-25T16:55:43.7261093Z 
2026-07-25T16:55:43.7261288Z   i Template literals are preferred over string concatenation.
2026-07-25T16:55:43.7261585Z   
2026-07-25T16:55:43.7261822Z     223 │     evidenceRequirements: [
2026-07-25T16:55:43.7262084Z     224 │       {
2026-07-25T16:55:43.7262335Z   > 225 │         id: "evidence." + id,
2026-07-25T16:55:43.7262634Z         │             ^^^^^^^^^^^^^^^^
2026-07-25T16:55:43.7262929Z     226 │         kind: "review",
2026-07-25T16:55:43.7263208Z     227 │         duty: "produce",
2026-07-25T16:55:43.7263425Z   
2026-07-25T16:55:43.7263631Z   i Unsafe fix: Use a template literal.
2026-07-25T16:55:43.7263977Z   
2026-07-25T16:55:43.7269544Z      223  223 │       evidenceRequirements: [
2026-07-25T16:55:43.7269841Z      224  224 │         {
2026-07-25T16:55:43.7270159Z      225      │ - ········id:·"evidence."·+·id,
2026-07-25T16:55:43.7270501Z           225 │ + ········id:·`evidence.${id}`,
2026-07-25T16:55:43.7270823Z      226  226 │           kind: "review",
2026-07-25T16:55:43.7271141Z      227  227 │           duty: "produce",
2026-07-25T16:55:43.7271375Z   
2026-07-25T16:55:43.7271471Z 
2026-07-25T16:55:43.7272905Z scripts/run-v12-dogfood.mjs:228:22 lint/style/useTemplate  FIXABLE  ━━━━━━━━━━━━━━━━━━━━━━━━━━━━━━━━
2026-07-25T16:55:43.7273263Z 
2026-07-25T16:55:43.7273453Z   i Template literals are preferred over string concatenation.
2026-07-25T16:55:43.7273862Z   
2026-07-25T16:55:43.7274082Z     226 │         kind: "review",
2026-07-25T16:55:43.7274355Z     227 │         duty: "produce",
2026-07-25T16:55:43.7274708Z   > 228 │         description: "Produce " + id + " evidence.",
2026-07-25T16:55:43.7275104Z         │                      ^^^^^^^^^^^^^^^^^^^^^^^^^^^^^^
2026-07-25T16:55:43.7275497Z     229 │         independentFromProducer: false,
2026-07-25T16:55:43.7275815Z     230 │       },
2026-07-25T16:55:43.7275928Z   
2026-07-25T16:55:43.7276051Z   i Unsafe fix: Use a template literal.
2026-07-25T16:55:43.7276193Z   
2026-07-25T16:55:43.7281587Z      226  226 │           kind: "review",
2026-07-25T16:55:43.7281907Z      227  227 │           duty: "produce",
2026-07-25T16:55:43.7282325Z      228      │ - ········description:·"Produce·"·+·id·+·"·evidence.",
2026-07-25T16:55:43.7282784Z           228 │ + ········description:·`Produce·${id}·evidence.`,
2026-07-25T16:55:43.7283191Z      229  229 │           independentFromProducer: false,
2026-07-25T16:55:43.7283544Z      230  230 │         },
2026-07-25T16:55:43.7283707Z   
2026-07-25T16:55:43.7283887Z 
2026-07-25T16:55:43.7285226Z scripts/run-v12-dogfood.mjs:235:16 lint/style/useTemplate  FIXABLE  ━━━━━━━━━━━━━━━━━━━━━━━━━━━━━━━━
2026-07-25T16:55:43.7285432Z 
2026-07-25T16:55:43.7285547Z   i Template literals are preferred over string concatenation.
2026-07-25T16:55:43.7285835Z   
2026-07-25T16:55:43.7286485Z     233 │   const workUnit = (id, dependencies, weight) => ({
2026-07-25T16:55:43.7286813Z     234 │     id,
2026-07-25T16:55:43.7287086Z   > 235 │     objective: "Complete " + id + ".",
2026-07-25T16:55:43.7287418Z         │                ^^^^^^^^^^^^^^^^^^^^^^
2026-07-25T16:55:43.7287697Z     236 │     weight,
2026-07-25T16:55:43.7287856Z     237 │     module: {
2026-07-25T16:55:43.7287973Z   
2026-07-25T16:55:43.7288100Z   i Unsafe fix: Use a template literal.
2026-07-25T16:55:43.7288248Z   
2026-07-25T16:55:43.7293524Z      233  233 │     const workUnit = (id, dependencies, weight) => ({
2026-07-25T16:55:43.7294097Z      234  234 │       id,
2026-07-25T16:55:43.7294420Z      235      │ - ····objective:·"Complete·"·+·id·+·".",
2026-07-25T16:55:43.7294795Z           235 │ + ····objective:·`Complete·${id}.`,
2026-07-25T16:55:43.7295121Z      236  236 │       weight,
2026-07-25T16:55:43.7295334Z      237  237 │       module: {
2026-07-25T16:55:43.7295465Z   
2026-07-25T16:55:43.7295524Z 
2026-07-25T16:55:43.7296592Z scripts/run-v12-dogfood.mjs:238:11 lint/style/useTemplate  FIXABLE  ━━━━━━━━━━━━━━━━━━━━━━━━━━━━━━━━
2026-07-25T16:55:43.7296835Z 
2026-07-25T16:55:43.7296950Z   i Template literals are preferred over string concatenation.
2026-07-25T16:55:43.7297191Z   
2026-07-25T16:55:43.7297391Z     236 │     weight,
2026-07-25T16:55:43.7297614Z     237 │     module: {
2026-07-25T16:55:43.7297872Z   > 238 │       id: "dogfood." + id,
2026-07-25T16:55:43.7298154Z         │           ^^^^^^^^^^^^^^^
2026-07-25T16:55:43.7298458Z     239 │       action: "Perform " + id + ".",
2026-07-25T16:55:43.7299045Z     240 │       inputPorts: [{ name: "input", artifactType: "DogfoodInput" }],
2026-07-25T16:55:43.7299403Z   
2026-07-25T16:55:43.7299619Z   i Unsafe fix: Use a template literal.
2026-07-25T16:55:43.7299863Z   
2026-07-25T16:55:43.7305112Z      236  236 │       weight,
2026-07-25T16:55:43.7305402Z      237  237 │       module: {
2026-07-25T16:55:43.7305722Z      238      │ - ······id:·"dogfood."·+·id,
2026-07-25T16:55:43.7306067Z           238 │ + ······id:·`dogfood.${id}`,
2026-07-25T16:55:43.7306431Z      239  239 │         action: "Perform " + id + ".",
2026-07-25T16:55:43.7307081Z      240  240 │         inputPorts: [{ name: "input", artifactType: "DogfoodInput" }],
2026-07-25T16:55:43.7307424Z   
2026-07-25T16:55:43.7307522Z 
2026-07-25T16:55:43.7308997Z scripts/run-v12-dogfood.mjs:239:15 lint/style/useTemplate  FIXABLE  ━━━━━━━━━━━━━━━━━━━━━━━━━━━━━━━━
2026-07-25T16:55:43.7309363Z 
2026-07-25T16:55:43.7309557Z   i Template literals are preferred over string concatenation.
2026-07-25T16:55:43.7309867Z   
2026-07-25T16:55:43.7310060Z     237 │     module: {
2026-07-25T16:55:43.7310321Z     238 │       id: "dogfood." + id,
2026-07-25T16:55:43.7310637Z   > 239 │       action: "Perform " + id + ".",
2026-07-25T16:55:43.7310961Z         │               ^^^^^^^^^^^^^^^^^^^^^
2026-07-25T16:55:43.7311502Z     240 │       inputPorts: [{ name: "input", artifactType: "DogfoodInput" }],
2026-07-25T16:55:43.7312059Z     241 │       outputPorts: [{ name: "output", artifactType: "DogfoodOutput" }],
2026-07-25T16:55:43.7312319Z   
2026-07-25T16:55:43.7312449Z   i Unsafe fix: Use a template literal.
2026-07-25T16:55:43.7312596Z   
2026-07-25T16:55:43.7317846Z      237  237 │       module: {
2026-07-25T16:55:43.7318135Z      238  238 │         id: "dogfood." + id,
2026-07-25T16:55:43.7318539Z      239      │ - ······action:·"Perform·"·+·id·+·".",
2026-07-25T16:55:43.7318916Z           239 │ + ······action:·`Perform·${id}.`,
2026-07-25T16:55:43.7319605Z      240  240 │         inputPorts: [{ name: "input", artifactType: "DogfoodInput" }],
2026-07-25T16:55:43.7320359Z      241  241 │         outputPorts: [{ name: "output", artifactType: "DogfoodOutput" }],
2026-07-25T16:55:43.7320705Z   
2026-07-25T16:55:43.7320793Z 
2026-07-25T16:55:43.7321163Z The number of diagnostics exceeds the limit allowed. Use --max-diagnostics to increase it.
2026-07-25T16:55:43.7321588Z Diagnostics not shown: 60.
2026-07-25T16:55:43.7322111Z Checked 95 files in 158ms. No fixes applied.
2026-07-25T16:55:43.7322378Z Found 9 warnings.
2026-07-25T16:55:43.7322561Z Found 71 infos.
2026-07-25T16:55:43.8143578Z 
2026-07-25T16:55:43.8144478Z > swecircuit@0.0.0 typecheck
2026-07-25T16:55:43.8145028Z > node scripts/run-typescript.mjs -p tsconfig.json --noEmit
2026-07-25T16:55:43.8145296Z 
2026-07-25T16:55:43.8692855Z SWECIRCUIT_TYPESCRIPT_BINDING {"path":"/home/runner/work/SWECircuit/SWECircuit/node_modules/typescript/bin/tsc","bytes":44,"digest":"sha256:2219f428a7e55aaf1f7ad85b9b0f0cf5078aeb76ccc9a7c6036c92d48f492ffd","nlink":1,"supplied":false,"version":"Version 7.0.2"}
2026-07-25T16:55:44.1915320Z 
2026-07-25T16:55:44.1915905Z > swecircuit@0.0.0 test
2026-07-25T16:55:44.1916456Z > npm run build --silent && npm run test:core && npm run test:lifecycle
2026-07-25T16:55:44.1916743Z 
2026-07-25T16:55:44.3164196Z SWECIRCUIT_TYPESCRIPT_BINDING {"path":"/home/runner/work/SWECircuit/SWECircuit/node_modules/typescript/bin/tsc","bytes":44,"digest":"sha256:2219f428a7e55aaf1f7ad85b9b0f0cf5078aeb76ccc9a7c6036c92d48f492ffd","nlink":1,"supplied":false,"version":"Version 7.0.2"}
2026-07-25T16:55:44.6094431Z 
2026-07-25T16:55:44.6095303Z > swecircuit@0.0.0 test:core
2026-07-25T16:55:44.6096122Z > node --test test/*.test.mjs
2026-07-25T16:55:44.6096353Z 
2026-07-25T16:55:44.6540624Z TAP version 13
2026-07-25T16:55:47.7142082Z # Subtest: the internal CLI exposes one fixed help surface
2026-07-25T16:55:47.7155274Z ok 1 - the internal CLI exposes one fixed help surface
2026-07-25T16:55:47.7184811Z   ---
2026-07-25T16:55:47.7185339Z   duration_ms: 101.775186
2026-07-25T16:55:47.7185773Z   type: 'test'
2026-07-25T16:55:47.7186112Z   ...
2026-07-25T16:55:47.7186647Z # Subtest: init, validate, and inspect human output comes from library summaries
2026-07-25T16:55:47.7187421Z ok 2 - init, validate, and inspect human output comes from library summaries
2026-07-25T16:55:47.7187897Z   ---
2026-07-25T16:55:47.7188209Z   duration_ms: 1083.282162
2026-07-25T16:55:47.7188543Z   type: 'test'
2026-07-25T16:55:47.7188857Z   ...
2026-07-25T16:55:47.7189402Z # Subtest: JSON mode writes exactly one operation result to stdout for success and failure
2026-07-25T16:55:47.7190153Z ok 3 - JSON mode writes exactly one operation result to stdout for success and failure
2026-07-25T16:55:47.7190644Z   ---
2026-07-25T16:55:47.7190939Z   duration_ms: 440.630246
2026-07-25T16:55:47.7191272Z   type: 'test'
2026-07-25T16:55:47.7191571Z   ...
2026-07-25T16:55:47.7192039Z # Subtest: human failures use stderr and never print a success summary
2026-07-25T16:55:47.7192645Z ok 4 - human failures use stderr and never print a success summary
2026-07-25T16:55:47.7193084Z   ---
2026-07-25T16:55:47.7193394Z   duration_ms: 89.454479
2026-07-25T16:55:47.7193883Z   type: 'test'
2026-07-25T16:55:47.7194421Z   ...
2026-07-25T16:55:47.7194897Z # Subtest: human warning results keep success on stdout and warnings on stderr
2026-07-25T16:55:47.7195543Z ok 5 - human warning results keep success on stdout and warnings on stderr
2026-07-25T16:55:47.7196685Z   ---
2026-07-25T16:55:47.7197004Z   duration_ms: 295.368305
2026-07-25T16:55:47.7197329Z   type: 'test'
2026-07-25T16:55:47.7197620Z   ...
2026-07-25T16:55:47.7198112Z # Subtest: invalid commands and option shapes deterministically emit cli.usage
2026-07-25T16:55:47.7198625Z     # Subtest: missing command
2026-07-25T16:55:47.7198965Z     ok 1 - missing command
2026-07-25T16:55:47.7199343Z       ---
2026-07-25T16:55:47.7199648Z       duration_ms: 89.626978
2026-07-25T16:55:47.7200017Z       type: 'test'
2026-07-25T16:55:47.7200348Z       ...
2026-07-25T16:55:47.7200694Z     # Subtest: unknown command
2026-07-25T16:55:47.7201298Z     ok 2 - unknown command
2026-07-25T16:55:47.7201659Z       ---
2026-07-25T16:55:47.7201992Z       duration_ms: 109.505705
2026-07-25T16:55:47.7202364Z       type: 'test'
2026-07-25T16:55:47.7202695Z       ...
2026-07-25T16:55:47.7203011Z     # Subtest: unknown option
2026-07-25T16:55:47.7203399Z     ok 3 - unknown option
2026-07-25T16:55:47.7203875Z       ---
2026-07-25T16:55:47.7204898Z       duration_ms: 109.044365
2026-07-25T16:55:47.7205235Z       type: 'test'
2026-07-25T16:55:47.7205540Z       ...
2026-07-25T16:55:47.7205880Z     # Subtest: duplicate option
2026-07-25T16:55:47.7206250Z     ok 4 - duplicate option
2026-07-25T16:55:47.7206586Z       ---
2026-07-25T16:55:47.7206889Z       duration_ms: 88.296224
2026-07-25T16:55:47.7207223Z       type: 'test'
2026-07-25T16:55:47.7207521Z       ...
2026-07-25T16:55:47.7207840Z     # Subtest: extra positional
2026-07-25T16:55:47.7208186Z     ok 5 - extra positional
2026-07-25T16:55:47.7208507Z       ---
2026-07-25T16:55:47.7208815Z       duration_ms: 82.898128
2026-07-25T16:55:47.7209148Z       type: 'test'
2026-07-25T16:55:47.7209453Z       ...
2026-07-25T16:55:47.7209787Z     # Subtest: inspect missing trace
2026-07-25T16:55:47.7210181Z     ok 6 - inspect missing trace
2026-07-25T16:55:47.7210518Z       ---
2026-07-25T16:55:47.7210812Z       duration_ms: 82.830406
2026-07-25T16:55:47.7211149Z       type: 'test'
2026-07-25T16:55:47.7211446Z       ...
2026-07-25T16:55:47.7244936Z     # Subtest: trace on validate
2026-07-25T16:55:47.7246551Z     ok 7 - trace on validate
2026-07-25T16:55:47.7246937Z       ---
2026-07-25T16:55:47.7247275Z       duration_ms: 94.991348
2026-07-25T16:55:47.7247636Z       type: 'test'
2026-07-25T16:55:47.7247950Z       ...
2026-07-25T16:55:47.7248330Z     # Subtest: project id on validate
2026-07-25T16:55:47.7248768Z     ok 8 - project id on validate
2026-07-25T16:55:47.7249139Z       ---
2026-07-25T16:55:47.7249435Z       duration_ms: 94.227618
2026-07-25T16:55:47.7249857Z       type: 'test'
2026-07-25T16:55:47.7250207Z       ...
2026-07-25T16:55:47.7250530Z     # Subtest: command help
2026-07-25T16:55:47.7250863Z     ok 9 - command help
2026-07-25T16:55:47.7251227Z       ---
2026-07-25T16:55:47.7251531Z       duration_ms: 97.669081
2026-07-25T16:55:47.7251904Z       type: 'test'
2026-07-25T16:55:47.7252240Z       ...
2026-07-25T16:55:47.7252566Z     1..9
2026-07-25T16:55:47.7253110Z ok 6 - invalid commands and option shapes deterministically emit cli.usage
2026-07-25T16:55:47.7253604Z   ---
2026-07-25T16:55:47.7254120Z   duration_ms: 955.38768
2026-07-25T16:55:47.7254455Z   type: 'test'
2026-07-25T16:55:47.7254774Z   ...
2026-07-25T16:55:47.7255282Z # Subtest: unexpected operation throws become one sanitized internal failure
2026-07-25T16:55:47.7256043Z ok 7 - unexpected operation throws become one sanitized internal failure
2026-07-25T16:55:47.7256540Z   ---
2026-07-25T16:55:47.7256865Z   duration_ms: 1.233929
2026-07-25T16:55:47.7257212Z   type: 'test'
2026-07-25T16:55:47.7257532Z   ...
2026-07-25T16:55:47.7257985Z # Subtest: the CLI remains a renderer-only internal surface
2026-07-25T16:55:47.7258587Z ok 8 - the CLI remains a renderer-only internal surface
2026-07-25T16:55:47.7259073Z   ---
2026-07-25T16:55:47.7259437Z   duration_ms: 1.338536
2026-07-25T16:55:47.7259770Z   type: 'test'
2026-07-25T16:55:47.7260085Z   ...
2026-07-25T16:55:51.6854065Z # Subtest: the V9 dogfood circuit is measured, bounded, and semantically repeatable
2026-07-25T16:55:51.6884582Z ok 9 - the V9 dogfood circuit is measured, bounded, and semantically repeatable
2026-07-25T16:55:51.6914332Z   ---
2026-07-25T16:55:51.6924549Z   duration_ms: 4777.721368
2026-07-25T16:55:51.6928567Z   type: 'test'
2026-07-25T16:55:51.6958787Z   ...
2026-07-25T16:55:51.6994980Z # Subtest: the V9 dogfood harness removes its owned workspace after an injected failure
2026-07-25T16:55:51.7028287Z ok 10 - the V9 dogfood harness removes its owned workspace after an injected failure
2026-07-25T16:55:51.7044645Z   ---
2026-07-25T16:55:51.7045137Z   duration_ms: 1794.046633
2026-07-25T16:55:51.7046179Z   type: 'test'
2026-07-25T16:55:51.7046508Z   ...
2026-07-25T16:55:51.7047075Z # Subtest: the V9 dogfood harness cleans up when setup fails after ownership capture
2026-07-25T16:55:51.7047832Z ok 11 - the V9 dogfood harness cleans up when setup fails after ownership capture
2026-07-25T16:55:51.7048345Z   ---
2026-07-25T16:55:51.7048666Z   duration_ms: 1.364738
2026-07-25T16:55:51.7049029Z   type: 'test'
2026-07-25T16:55:51.7049361Z   ...
2026-07-25T16:55:51.7049906Z # Subtest: the committed observation digest and caller-owned retry trace stay linked
2026-07-25T16:55:51.7050652Z ok 12 - the committed observation digest and caller-owned retry trace stay linked
2026-07-25T16:55:51.7051141Z   ---
2026-07-25T16:55:51.7057611Z   duration_ms: 425.413305
2026-07-25T16:55:51.7058028Z   type: 'test'
2026-07-25T16:55:51.7058349Z   ...
2026-07-25T16:55:51.7084213Z # Subtest: one valid packet executes once and returns an immutable V9-compatible journal
2026-07-25T16:55:51.7114524Z ok 13 - one valid packet executes once and returns an immutable V9-compatible journal
2026-07-25T16:55:51.7130363Z   ---
2026-07-25T16:55:51.7167469Z   duration_ms: 210.555693
2026-07-25T16:55:51.7245095Z   type: 'test'
2026-07-25T16:55:51.7334654Z   ...
2026-07-25T16:55:51.7335330Z # Subtest: normal class executors can implement the public port
2026-07-25T16:55:51.7360627Z ok 14 - normal class executors can implement the public port
2026-07-25T16:55:51.7394189Z   ---
2026-07-25T16:55:51.7414257Z   duration_ms: 2.984775
2026-07-25T16:55:51.7424158Z   type: 'test'
2026-07-25T16:55:51.7454126Z   ...
2026-07-25T16:55:51.7468710Z # Subtest: operation success stays separate from declared work failure
2026-07-25T16:55:51.7491178Z ok 15 - operation success stays separate from declared work failure
2026-07-25T16:55:51.7506092Z   ---
2026-07-25T16:55:51.7514562Z   duration_ms: 3.702216
2026-07-25T16:55:51.7515034Z   type: 'test'
2026-07-25T16:55:51.7515372Z   ...
2026-07-25T16:55:51.7515874Z # Subtest: every preflight rejection prevents executor invocation
2026-07-25T16:55:51.7516408Z     # Subtest: null packet
2026-07-25T16:55:51.7516798Z     ok 1 - null packet
2026-07-25T16:55:51.7517132Z       ---
2026-07-25T16:55:51.7517450Z       duration_ms: 1.197664
2026-07-25T16:55:51.7517824Z       type: 'test'
2026-07-25T16:55:51.7518199Z       ...
2026-07-25T16:55:51.7518585Z     # Subtest: null manifest
2026-07-25T16:55:51.7519080Z     ok 2 - null manifest
2026-07-25T16:55:51.7519410Z       ---
2026-07-25T16:55:51.7519723Z       duration_ms: 1.411716
2026-07-25T16:55:51.7520073Z       type: 'test'
2026-07-25T16:55:51.7520385Z       ...
2026-07-25T16:55:51.7520726Z     # Subtest: wrong packet kind
2026-07-25T16:55:51.7521084Z     ok 3 - wrong packet kind
2026-07-25T16:55:51.7521419Z       ---
2026-07-25T16:55:51.7521721Z       duration_ms: 2.764974
2026-07-25T16:55:51.7522058Z       type: 'test'
2026-07-25T16:55:51.7522365Z       ...
2026-07-25T16:55:51.7522716Z     # Subtest: incompatible manifest kind
2026-07-25T16:55:51.7523152Z     ok 4 - incompatible manifest kind
2026-07-25T16:55:51.7523517Z       ---
2026-07-25T16:55:51.7523978Z       duration_ms: 1.307739
2026-07-25T16:55:51.7524391Z       type: 'test'
2026-07-25T16:55:51.7524694Z       ...
2026-07-25T16:55:51.7525058Z     # Subtest: manifest declares kernel-owned output
2026-07-25T16:55:51.7525543Z     ok 5 - manifest declares kernel-owned output
2026-07-25T16:55:51.7526295Z       ---
2026-07-25T16:55:51.7526626Z       duration_ms: 0.850301
2026-07-25T16:55:51.7526980Z       type: 'test'
2026-07-25T16:55:51.7527300Z       ...
2026-07-25T16:55:51.7527657Z     # Subtest: executor identity mismatch
2026-07-25T16:55:51.7528090Z     ok 6 - executor identity mismatch
2026-07-25T16:55:51.7528464Z       ---
2026-07-25T16:55:51.7528781Z       duration_ms: 0.993216
2026-07-25T16:55:51.7529133Z       type: 'test'
2026-07-25T16:55:51.7529450Z       ...
2026-07-25T16:55:51.7529788Z     # Subtest: malformed grant
2026-07-25T16:55:51.7530165Z     ok 7 - malformed grant
2026-07-25T16:55:51.7530706Z       ---
2026-07-25T16:55:51.7531014Z       duration_ms: 0.620555
2026-07-25T16:55:51.7531351Z       type: 'test'
2026-07-25T16:55:51.7531661Z       ...
2026-07-25T16:55:51.7532000Z     # Subtest: invalid timeout policy
2026-07-25T16:55:51.7532399Z     ok 8 - invalid timeout policy
2026-07-25T16:55:51.7532750Z       ---
2026-07-25T16:55:51.7533061Z       duration_ms: 0.53123
2026-07-25T16:55:51.7533389Z       type: 'test'
2026-07-25T16:55:51.7533699Z       ...
2026-07-25T16:55:51.7534143Z     1..8
2026-07-25T16:55:51.7534585Z ok 16 - every preflight rejection prevents executor invocation
2026-07-25T16:55:51.7535021Z   ---
2026-07-25T16:55:51.7535334Z   duration_ms: 10.871885
2026-07-25T16:55:51.7535672Z   type: 'test'
2026-07-25T16:55:51.7535984Z   ...
2026-07-25T16:55:51.7536420Z # Subtest: permission grants fail closed in every direction
2026-07-25T16:55:51.7536913Z     # Subtest: grant misses a manifest request
2026-07-25T16:55:51.7537353Z     ok 1 - grant misses a manifest request
2026-07-25T16:55:51.7537736Z       ---
2026-07-25T16:55:51.7538046Z       duration_ms: 0.800246
2026-07-25T16:55:51.7538394Z       type: 'test'
2026-07-25T16:55:51.7538717Z       ...
2026-07-25T16:55:51.7539222Z     # Subtest: grant adds unrequested authority
2026-07-25T16:55:51.7539685Z     ok 2 - grant adds unrequested authority
2026-07-25T16:55:51.7540071Z       ---
2026-07-25T16:55:51.7540398Z       duration_ms: 0.623479
2026-07-25T16:55:51.7540743Z       type: 'test'
2026-07-25T16:55:51.7541057Z       ...
2026-07-25T16:55:51.7541408Z     # Subtest: grant exceeds packet ceiling
2026-07-25T16:55:51.7541834Z     ok 3 - grant exceeds packet ceiling
2026-07-25T16:55:51.7542212Z       ---
2026-07-25T16:55:51.7542548Z       duration_ms: 0.593714
2026-07-25T16:55:51.7542896Z       type: 'test'
2026-07-25T16:55:51.7543210Z       ...
2026-07-25T16:55:51.7543599Z     # Subtest: broad request is not covered by narrow grant
2026-07-25T16:55:51.7544339Z     ok 4 - broad request is not covered by narrow grant
2026-07-25T16:55:51.7544757Z       ---
2026-07-25T16:55:51.7545072Z       duration_ms: 0.475156
2026-07-25T16:55:51.7545415Z       type: 'test'
2026-07-25T16:55:51.7545727Z       ...
2026-07-25T16:55:51.7546114Z     # Subtest: broad grant is not covered by narrow request
2026-07-25T16:55:51.7546619Z     ok 5 - broad grant is not covered by narrow request
2026-07-25T16:55:51.7547028Z       ---
2026-07-25T16:55:51.7547344Z       duration_ms: 0.467154
2026-07-25T16:55:51.7547685Z       type: 'test'
2026-07-25T16:55:51.7547997Z       ...
2026-07-25T16:55:51.7548298Z     1..5
2026-07-25T16:55:51.7548716Z ok 17 - permission grants fail closed in every direction
2026-07-25T16:55:51.7549135Z   ---
2026-07-25T16:55:51.7549445Z   duration_ms: 3.482816
2026-07-25T16:55:51.7549781Z   type: 'test'
2026-07-25T16:55:51.7550091Z   ...
2026-07-25T16:55:51.7550620Z # Subtest: throws and malformed settlements become fixed failures without raw values
2026-07-25T16:55:51.7551145Z     # Subtest: throw
2026-07-25T16:55:51.7551474Z     ok 1 - throw
2026-07-25T16:55:51.7551791Z       ---
2026-07-25T16:55:51.7552105Z       duration_ms: 2.040634
2026-07-25T16:55:51.7552448Z       type: 'test'
2026-07-25T16:55:51.7552759Z       ...
2026-07-25T16:55:51.7553099Z     # Subtest: malformed extra field
2026-07-25T16:55:51.7553505Z     ok 2 - malformed extra field
2026-07-25T16:55:51.7554028Z       ---
2026-07-25T16:55:51.7554353Z       duration_ms: 1.325707
2026-07-25T16:55:51.7554909Z       type: 'test'
2026-07-25T16:55:51.7555228Z       ...
2026-07-25T16:55:51.7555562Z     # Subtest: secret evidence
2026-07-25T16:55:51.7555928Z     ok 3 - secret evidence
2026-07-25T16:55:51.7556266Z       ---
2026-07-25T16:55:51.7556575Z       duration_ms: 0.953456
2026-07-25T16:55:51.7556916Z       type: 'test'
2026-07-25T16:55:51.7557227Z       ...
2026-07-25T16:55:51.7557522Z     1..3
2026-07-25T16:55:51.7558038Z ok 18 - throws and malformed settlements become fixed failures without raw values
2026-07-25T16:55:51.7558534Z   ---
2026-07-25T16:55:51.7558841Z   duration_ms: 4.646408
2026-07-25T16:55:51.7559309Z   type: 'test'
2026-07-25T16:55:51.7559617Z   ...
2026-07-25T16:55:51.7560119Z # Subtest: fulfillment observation detaches settlement before later mutation
2026-07-25T16:55:51.7560794Z ok 19 - fulfillment observation detaches settlement before later mutation
2026-07-25T16:55:51.7561268Z   ---
2026-07-25T16:55:51.7561574Z   duration_ms: 1.668182
2026-07-25T16:55:51.7561912Z   type: 'test'
2026-07-25T16:55:51.7562218Z   ...
2026-07-25T16:55:51.7562688Z # Subtest: return-bound input canaries fail preflight without leaking
2026-07-25T16:55:51.7563165Z     # Subtest: run ID
2026-07-25T16:55:51.7563499Z     ok 1 - run ID
2026-07-25T16:55:51.7563924Z       ---
2026-07-25T16:55:51.7564325Z       duration_ms: 0.443448
2026-07-25T16:55:51.7564707Z       type: 'test'
2026-07-25T16:55:51.7565016Z       ...
2026-07-25T16:55:51.7565330Z     # Subtest: attempt ID
2026-07-25T16:55:51.7565676Z     ok 2 - attempt ID
2026-07-25T16:55:51.7566001Z       ---
2026-07-25T16:55:51.7566398Z       duration_ms: 0.440824
2026-07-25T16:55:51.7566743Z       type: 'test'
2026-07-25T16:55:51.7567058Z       ...
2026-07-25T16:55:51.7567375Z     # Subtest: correlation ID
2026-07-25T16:55:51.7567736Z     ok 3 - correlation ID
2026-07-25T16:55:51.7568072Z       ---
2026-07-25T16:55:51.7568384Z       duration_ms: 0.564761
2026-07-25T16:55:51.7568729Z       type: 'test'
2026-07-25T16:55:51.7569040Z       ...
2026-07-25T16:55:51.7569356Z     # Subtest: packet ID
2026-07-25T16:55:51.7569770Z     ok 4 - packet ID
2026-07-25T16:55:51.7570092Z       ---
2026-07-25T16:55:51.7570404Z       duration_ms: 0.44776
2026-07-25T16:55:51.7570744Z       type: 'test'
2026-07-25T16:55:51.7571054Z       ...
2026-07-25T16:55:51.7571361Z     # Subtest: grant ID
2026-07-25T16:55:51.7571697Z     ok 5 - grant ID
2026-07-25T16:55:51.7572014Z       ---
2026-07-25T16:55:51.7572323Z       duration_ms: 0.460343
2026-07-25T16:55:51.7572664Z       type: 'test'
2026-07-25T16:55:51.7572978Z       ...
2026-07-25T16:55:51.7573283Z     # Subtest: issuer
2026-07-25T16:55:51.7573623Z     ok 6 - issuer
2026-07-25T16:55:51.7574049Z       ---
2026-07-25T16:55:51.7574359Z       duration_ms: 0.513273
2026-07-25T16:55:51.7574702Z       type: 'test'
2026-07-25T16:55:51.7575013Z       ...
2026-07-25T16:55:51.7575323Z     # Subtest: executor ID
2026-07-25T16:55:51.7575668Z     ok 7 - executor ID
2026-07-25T16:55:51.7575991Z       ---
2026-07-25T16:55:51.7576308Z       duration_ms: 0.379341
2026-07-25T16:55:51.7576716Z       type: 'test'
2026-07-25T16:55:51.7577047Z       ...
2026-07-25T16:55:51.7577348Z     1..7
2026-07-25T16:55:51.7577799Z ok 20 - return-bound input canaries fail preflight without leaking
2026-07-25T16:55:51.7578258Z   ---
2026-07-25T16:55:51.7578573Z   duration_ms: 3.759478
2026-07-25T16:55:51.7578911Z   type: 'test'
2026-07-25T16:55:51.7579222Z   ...
2026-07-25T16:55:51.7579737Z # Subtest: already-aborted and already-expired work never invokes the executor
2026-07-25T16:55:51.7580259Z     # Subtest: caller abort
2026-07-25T16:55:51.7580621Z     ok 1 - caller abort
2026-07-25T16:55:51.7580958Z       ---
2026-07-25T16:55:51.7581270Z       duration_ms: 2.333485
2026-07-25T16:55:51.7581614Z       type: 'test'
2026-07-25T16:55:51.7581931Z       ...
2026-07-25T16:55:51.7582272Z     # Subtest: packet deadline
2026-07-25T16:55:51.7582737Z     ok 2 - packet deadline
2026-07-25T16:55:51.7583082Z       ---
2026-07-25T16:55:51.7583570Z       duration_ms: 1.404225
2026-07-25T16:55:51.7584039Z       type: 'test'
2026-07-25T16:55:51.7584359Z       ...
2026-07-25T16:55:51.7584663Z     1..2
2026-07-25T16:55:51.7585149Z ok 21 - already-aborted and already-expired work never invokes the executor
2026-07-25T16:55:51.7585629Z   ---
2026-07-25T16:55:51.7585950Z   duration_ms: 3.96995
2026-07-25T16:55:51.7586301Z   type: 'test'
2026-07-25T16:55:51.7586619Z   ...
2026-07-25T16:55:51.7587194Z # Subtest: acknowledged caller cancellation and timeout produce exact terminal journals
2026-07-25T16:55:51.7587889Z     # Subtest: caller cancellation
2026-07-25T16:55:51.7588475Z     ok 1 - caller cancellation
2026-07-25T16:55:51.7588840Z       ---
2026-07-25T16:55:51.7589155Z       duration_ms: 2.079412
2026-07-25T16:55:51.7589508Z       type: 'test'
2026-07-25T16:55:51.7589827Z       ...
2026-07-25T16:55:51.7590145Z     # Subtest: deadline
2026-07-25T16:55:51.7590483Z     ok 2 - deadline
2026-07-25T16:55:51.7614177Z       ---
2026-07-25T16:55:51.7614588Z       duration_ms: 1.470054
2026-07-25T16:55:51.7630031Z       type: 'test'
2026-07-25T16:55:51.7630417Z       ...
2026-07-25T16:55:51.7630733Z     1..2
2026-07-25T16:55:51.7631272Z ok 22 - acknowledged caller cancellation and timeout produce exact terminal journals
2026-07-25T16:55:51.7631793Z   ---
2026-07-25T16:55:51.7632113Z   duration_ms: 3.799293
2026-07-25T16:55:51.7632454Z   type: 'test'
2026-07-25T16:55:51.7632777Z   ...
2026-07-25T16:55:51.7633337Z # Subtest: an unacknowledged abort remains non-terminal and late rejection is observed
2026-07-25T16:55:51.7634300Z ok 23 - an unacknowledged abort remains non-terminal and late rejection is observed
2026-07-25T16:55:51.7634825Z   ---
2026-07-25T16:55:51.7635151Z   duration_ms: 1.624416
2026-07-25T16:55:51.7635499Z   type: 'test'
2026-07-25T16:55:51.7635816Z   ...
2026-07-25T16:55:51.7636366Z # Subtest: completion observed at or after the absolute deadline cannot become success
2026-07-25T16:55:51.7637126Z ok 24 - completion observed at or after the absolute deadline cannot become success
2026-07-25T16:55:51.7637638Z   ---
2026-07-25T16:55:51.7637953Z   duration_ms: 1.611217
2026-07-25T16:55:51.7638550Z   type: 'test'
2026-07-25T16:55:51.7638869Z   ...
2026-07-25T16:55:51.7639356Z # Subtest: an early deadline wake-up re-arms instead of cancelling work
2026-07-25T16:55:51.7640003Z ok 25 - an early deadline wake-up re-arms instead of cancelling work
2026-07-25T16:55:51.7640460Z   ---
2026-07-25T16:55:51.7640776Z   duration_ms: 4.70737
2026-07-25T16:55:51.7641117Z   type: 'test'
2026-07-25T16:55:51.7641431Z   ...
2026-07-25T16:55:51.7641958Z # Subtest: settlement outside the abort acknowledgement window stays unconfirmed
2026-07-25T16:55:51.7642686Z ok 26 - settlement outside the abort acknowledgement window stays unconfirmed
2026-07-25T16:55:51.7643181Z   ---
2026-07-25T16:55:51.7643497Z   duration_ms: 4.785028
2026-07-25T16:55:51.7643962Z   type: 'test'
2026-07-25T16:55:51.7644278Z   ...
2026-07-25T16:55:51.7644846Z # Subtest: hostile proxies and forged signals fail closed without escaping the API
2026-07-25T16:55:51.7645414Z     # Subtest: revoked work packet
2026-07-25T16:55:51.7645829Z     ok 1 - revoked work packet
2026-07-25T16:55:51.7646189Z       ---
2026-07-25T16:55:51.7646513Z       duration_ms: 0.603059
2026-07-25T16:55:51.7646870Z       type: 'test'
2026-07-25T16:55:51.7647194Z       ...
2026-07-25T16:55:51.7647538Z     # Subtest: revoked options
2026-07-25T16:55:51.7647906Z     ok 2 - revoked options
2026-07-25T16:55:51.7648249Z       ---
2026-07-25T16:55:51.7648568Z       duration_ms: 0.256416
2026-07-25T16:55:51.7648924Z       type: 'test'
2026-07-25T16:55:51.7649244Z       ...
2026-07-25T16:55:51.7649624Z     # Subtest: live proxy traps are not invoked
2026-07-25T16:55:51.7650088Z     ok 3 - live proxy traps are not invoked
2026-07-25T16:55:51.7650484Z       ---
2026-07-25T16:55:51.7650802Z       duration_ms: 7.549822
2026-07-25T16:55:51.7651165Z       type: 'test'
2026-07-25T16:55:51.7651485Z       ...
2026-07-25T16:55:51.7651841Z     # Subtest: revoked AbortSignal proxy
2026-07-25T16:55:51.7652544Z     ok 4 - revoked AbortSignal proxy
2026-07-25T16:55:51.7652928Z       ---
2026-07-25T16:55:51.7653249Z       duration_ms: 0.79652
2026-07-25T16:55:51.7653861Z       type: 'test'
2026-07-25T16:55:51.7654345Z       ...
2026-07-25T16:55:51.7654694Z     # Subtest: forged AbortSignal
2026-07-25T16:55:51.7655087Z     ok 5 - forged AbortSignal
2026-07-25T16:55:51.7655445Z       ---
2026-07-25T16:55:51.7655763Z       duration_ms: 0.822409
2026-07-25T16:55:51.7656118Z       type: 'test'
2026-07-25T16:55:51.7656438Z       ...
2026-07-25T16:55:51.7656777Z     # Subtest: revoked settlement
2026-07-25T16:55:51.7657335Z     ok 6 - revoked settlement
2026-07-25T16:55:51.7657691Z       ---
2026-07-25T16:55:51.7658008Z       duration_ms: 7.765897
2026-07-25T16:55:51.7658358Z       type: 'test'
2026-07-25T16:55:51.7658681Z       ...
2026-07-25T16:55:51.7658983Z     1..6
2026-07-25T16:55:51.7659498Z ok 27 - hostile proxies and forged signals fail closed without escaping the API
2026-07-25T16:55:51.7660005Z   ---
2026-07-25T16:55:51.7660326Z   duration_ms: 18.492755
2026-07-25T16:55:51.7660683Z   type: 'test'
2026-07-25T16:55:51.7661003Z   ...
2026-07-25T16:55:51.7661534Z # Subtest: snapshot depth and node ceilings reject work before executor invocation
2026-07-25T16:55:51.7662102Z     # Subtest: huge sparse array
2026-07-25T16:55:51.7662493Z     ok 1 - huge sparse array
2026-07-25T16:55:51.7662849Z       ---
2026-07-25T16:55:51.7663172Z       duration_ms: 1.598417
2026-07-25T16:55:51.7663523Z       type: 'test'
2026-07-25T16:55:51.7663953Z       ...
2026-07-25T16:55:51.7664291Z     # Subtest: small sparse array
2026-07-25T16:55:51.7664674Z     ok 2 - small sparse array
2026-07-25T16:55:51.7665029Z       ---
2026-07-25T16:55:51.7665347Z       duration_ms: 1.021017
2026-07-25T16:55:51.7665696Z       type: 'test'
2026-07-25T16:55:51.7666002Z       ...
2026-07-25T16:55:51.7666347Z     # Subtest: dense oversized object
2026-07-25T16:55:51.7666762Z     ok 3 - dense oversized object
2026-07-25T16:55:51.7667119Z       ---
2026-07-25T16:55:51.7667423Z       duration_ms: 93.918582
2026-07-25T16:55:51.7667786Z       type: 'test'
2026-07-25T16:55:51.7668104Z       ...
2026-07-25T16:55:51.7668437Z     # Subtest: excessive depth
2026-07-25T16:55:51.7668790Z     ok 4 - excessive depth
2026-07-25T16:55:51.7669116Z       ---
2026-07-25T16:55:51.7669421Z       duration_ms: 0.802358
2026-07-25T16:55:51.7669913Z       type: 'test'
2026-07-25T16:55:51.7670222Z       ...
2026-07-25T16:55:51.7670517Z     1..4
2026-07-25T16:55:51.7671014Z ok 28 - snapshot depth and node ceilings reject work before executor invocation
2026-07-25T16:55:51.7671491Z   ---
2026-07-25T16:55:51.7671788Z   duration_ms: 98.25965
2026-07-25T16:55:51.7672111Z   type: 'test'
2026-07-25T16:55:51.7672415Z   ...
2026-07-25T16:55:51.7672928Z # Subtest: the final invocation gate catches cancellation and deadline changes
2026-07-25T16:55:51.7673528Z     # Subtest: caller abort while the deadline timer is armed
2026-07-25T16:55:51.7674267Z     ok 1 - caller abort while the deadline timer is armed
2026-07-25T16:55:51.7674682Z       ---
2026-07-25T16:55:51.7674991Z       duration_ms: 1.386909
2026-07-25T16:55:51.7675336Z       type: 'test'
2026-07-25T16:55:51.7675651Z       ...
2026-07-25T16:55:51.7676038Z     # Subtest: deadline reached after the final gate read
2026-07-25T16:55:51.7676527Z     ok 2 - deadline reached after the final gate read
2026-07-25T16:55:51.7676925Z       ---
2026-07-25T16:55:51.7677238Z       duration_ms: 0.933897
2026-07-25T16:55:51.7677587Z       type: 'test'
2026-07-25T16:55:51.7677911Z       ...
2026-07-25T16:55:51.7678330Z     # Subtest: deadline reached while the deadline timer is armed
2026-07-25T16:55:51.7679015Z     ok 3 - deadline reached while the deadline timer is armed
2026-07-25T16:55:51.7679478Z       ---
2026-07-25T16:55:51.7679802Z       duration_ms: 1.47786
2026-07-25T16:55:51.7680143Z       type: 'test'
2026-07-25T16:55:51.7680450Z       ...
2026-07-25T16:55:51.7680755Z     1..3
2026-07-25T16:55:51.7681454Z ok 29 - the final invocation gate catches cancellation and deadline changes
2026-07-25T16:55:51.7681956Z   ---
2026-07-25T16:55:51.7682350Z   duration_ms: 4.158838
2026-07-25T16:55:51.7682693Z   type: 'test'
2026-07-25T16:55:51.7683012Z   ...
2026-07-25T16:55:51.7683460Z # Subtest: abort cause uses the first observed monotonic event
2026-07-25T16:55:51.7684166Z     # Subtest: caller observed before deadline remains caller
2026-07-25T16:55:51.7684689Z     ok 1 - caller observed before deadline remains caller
2026-07-25T16:55:51.7685108Z       ---
2026-07-25T16:55:51.7685421Z       duration_ms: 1.304885
2026-07-25T16:55:51.7685960Z       type: 'test'
2026-07-25T16:55:51.7686274Z       ...
2026-07-25T16:55:51.7686693Z     # Subtest: caller first observed after deadline is deadline
2026-07-25T16:55:51.7687247Z     ok 2 - caller first observed after deadline is deadline
2026-07-25T16:55:51.7687683Z       ---
2026-07-25T16:55:51.7688005Z       duration_ms: 2.480826
2026-07-25T16:55:51.7688367Z       type: 'test'
2026-07-25T16:55:51.7688699Z       ...
2026-07-25T16:55:51.7689017Z     1..2
2026-07-25T16:55:51.7689461Z ok 30 - abort cause uses the first observed monotonic event
2026-07-25T16:55:51.7689905Z   ---
2026-07-25T16:55:51.7690225Z   duration_ms: 4.108778
2026-07-25T16:55:51.7690569Z   type: 'test'
2026-07-25T16:55:51.7690882Z   ...
2026-07-25T16:55:51.7691347Z # Subtest: direct inputs are detached, bounded, and accessor-free
2026-07-25T16:55:51.7691831Z     # Subtest: cycle
2026-07-25T16:55:51.7692170Z     ok 1 - cycle
2026-07-25T16:55:51.7692496Z       ---
2026-07-25T16:55:51.7692822Z       duration_ms: 0.530088
2026-07-25T16:55:51.7693186Z       type: 'test'
2026-07-25T16:55:51.7693513Z       ...
2026-07-25T16:55:51.7693998Z     # Subtest: accessor
2026-07-25T16:55:51.7694355Z     ok 2 - accessor
2026-07-25T16:55:51.7694690Z       ---
2026-07-25T16:55:51.7695009Z       duration_ms: 0.582808
2026-07-25T16:55:51.7695371Z       type: 'test'
2026-07-25T16:55:51.7695680Z       ...
2026-07-25T16:55:51.7696088Z     # Subtest: source mutation cannot change executor input
2026-07-25T16:55:51.7696605Z     ok 3 - source mutation cannot change executor input
2026-07-25T16:55:51.7697023Z       ---
2026-07-25T16:55:51.7697348Z       duration_ms: 1.636685
2026-07-25T16:55:51.7697698Z       type: 'test'
2026-07-25T16:55:51.7698018Z       ...
2026-07-25T16:55:51.7698327Z     1..3
2026-07-25T16:55:51.7698791Z ok 31 - direct inputs are detached, bounded, and accessor-free
2026-07-25T16:55:51.7699242Z   ---
2026-07-25T16:55:51.7699568Z   duration_ms: 3.077986
2026-07-25T16:55:51.7699917Z   type: 'test'
2026-07-25T16:55:51.7700239Z   ...
2026-07-25T16:55:51.7700786Z # Subtest: initialization creates the smallest valid project with frozen bytes
2026-07-25T16:55:51.7701517Z ok 32 - initialization creates the smallest valid project with frozen bytes
2026-07-25T16:55:51.7702030Z   ---
2026-07-25T16:55:51.7702354Z   duration_ms: 218.346384
2026-07-25T16:55:51.7702691Z   type: 'test'
2026-07-25T16:55:51.7703000Z   ...
2026-07-25T16:55:51.7703550Z # Subtest: an explicit project ID wins and initialization never discovers an ancestor
2026-07-25T16:55:51.7704500Z ok 33 - an explicit project ID wins and initialization never discovers an ancestor
2026-07-25T16:55:51.7705015Z   ---
2026-07-25T16:55:51.7705318Z   duration_ms: 5.828659
2026-07-25T16:55:51.7705787Z   type: 'test'
2026-07-25T16:55:51.7706151Z   ...
2026-07-25T16:55:51.7706657Z # Subtest: default project ID transformation is exact across edge cases
2026-07-25T16:55:51.7707310Z ok 34 - default project ID transformation is exact across edge cases
2026-07-25T16:55:51.7707767Z   ---
2026-07-25T16:55:51.7708092Z   duration_ms: 67.747387
2026-07-25T16:55:51.7708440Z   type: 'test'
2026-07-25T16:55:51.7708757Z   ...
2026-07-25T16:55:51.7709223Z # Subtest: invalid explicit IDs fail before creating owned paths
2026-07-25T16:55:51.7709836Z ok 35 - invalid explicit IDs fail before creating owned paths
2026-07-25T16:55:51.7710307Z   ---
2026-07-25T16:55:51.7710633Z   duration_ms: 4.013324
2026-07-25T16:55:51.7711337Z   type: 'test'
2026-07-25T16:55:51.7711690Z   ...
2026-07-25T16:55:51.7712261Z # Subtest: repeated initialization reports every owned collision without changing output
2026-07-25T16:55:51.7713037Z ok 36 - repeated initialization reports every owned collision without changing output
2026-07-25T16:55:51.7713573Z   ---
2026-07-25T16:55:51.7714361Z   duration_ms: 46.378136
2026-07-25T16:55:51.7721127Z   type: 'test'
2026-07-25T16:55:51.7721501Z   ...
2026-07-25T16:55:51.7722032Z # Subtest: manifest collisions preserve exact bytes and do not create a catalog
2026-07-25T16:55:51.7722761Z ok 37 - manifest collisions preserve exact bytes and do not create a catalog
2026-07-25T16:55:51.7723490Z   ---
2026-07-25T16:55:51.7723993Z   duration_ms: 3.840054
2026-07-25T16:55:51.7724352Z   type: 'test'
2026-07-25T16:55:51.7724680Z   ...
2026-07-25T16:55:51.7725232Z # Subtest: catalog collisions preserve existing content and do not create a manifest
2026-07-25T16:55:51.7725980Z ok 38 - catalog collisions preserve existing content and do not create a manifest
2026-07-25T16:55:51.7726486Z   ---
2026-07-25T16:55:51.7726806Z   duration_ms: 0.84264
2026-07-25T16:55:51.7727153Z   type: 'test'
2026-07-25T16:55:51.7727473Z   ...
2026-07-25T16:55:51.7727975Z # Subtest: a linked catalog is a collision and its target is never changed
2026-07-25T16:55:51.7728650Z ok 39 - a linked catalog is a collision and its target is never changed
2026-07-25T16:55:51.7729096Z   ---
2026-07-25T16:55:51.7729388Z   duration_ms: 0.931953
2026-07-25T16:55:51.7729734Z   type: 'test'
2026-07-25T16:55:51.7730049Z   ...
2026-07-25T16:55:51.7730543Z # Subtest: invalid and missing target roots fail without creating paths
2026-07-25T16:55:51.7731192Z ok 40 - invalid and missing target roots fail without creating paths
2026-07-25T16:55:51.7731650Z   ---
2026-07-25T16:55:51.7731974Z   duration_ms: 0.944953
2026-07-25T16:55:51.7732325Z   type: 'test'
2026-07-25T16:55:51.7732639Z   ...
2026-07-25T16:55:51.7733185Z # Subtest: every initialization checkpoint fails closed and rolls back owned entries
2026-07-25T16:55:51.7733915Z     # Subtest: beforeCatalogCreate
2026-07-25T16:55:51.7734356Z     ok 1 - beforeCatalogCreate
2026-07-25T16:55:51.7734725Z       ---
2026-07-25T16:55:51.7735049Z       duration_ms: 1.318296
2026-07-25T16:55:51.7735400Z       type: 'test'
2026-07-25T16:55:51.7735725Z       ...
2026-07-25T16:55:51.7736068Z     # Subtest: afterCatalogCreate
2026-07-25T16:55:51.7736457Z     ok 2 - afterCatalogCreate
2026-07-25T16:55:51.7736807Z       ---
2026-07-25T16:55:51.7737123Z       duration_ms: 0.913026
2026-07-25T16:55:51.7737478Z       type: 'test'
2026-07-25T16:55:51.7737808Z       ...
2026-07-25T16:55:51.7738155Z     # Subtest: beforeModulesCreate
2026-07-25T16:55:51.7738556Z     ok 3 - beforeModulesCreate
2026-07-25T16:55:51.7738912Z       ---
2026-07-25T16:55:51.7739226Z       duration_ms: 0.719053
2026-07-25T16:55:51.7739577Z       type: 'test'
2026-07-25T16:55:51.7739900Z       ...
2026-07-25T16:55:51.7740247Z     # Subtest: afterModulesCreate
2026-07-25T16:55:51.7740641Z     ok 4 - afterModulesCreate
2026-07-25T16:55:51.7741124Z       ---
2026-07-25T16:55:51.7741493Z       duration_ms: 1.029181
2026-07-25T16:55:51.7741847Z       type: 'test'
2026-07-25T16:55:51.7742173Z       ...
2026-07-25T16:55:51.7742525Z     # Subtest: beforeCircuitsCreate
2026-07-25T16:55:51.7742947Z     ok 5 - beforeCircuitsCreate
2026-07-25T16:55:51.7743306Z       ---
2026-07-25T16:55:51.7743626Z       duration_ms: 0.840826
2026-07-25T16:55:51.7744126Z       type: 'test'
2026-07-25T16:55:51.7744447Z       ...
2026-07-25T16:55:51.7744802Z     # Subtest: afterCircuitsCreate
2026-07-25T16:55:51.7745224Z     ok 6 - afterCircuitsCreate
2026-07-25T16:55:51.7745594Z       ---
2026-07-25T16:55:51.7745911Z       duration_ms: 0.927948
2026-07-25T16:55:51.7746273Z       type: 'test'
2026-07-25T16:55:51.7746594Z       ...
2026-07-25T16:55:51.7746951Z     # Subtest: beforeManifestOpen
2026-07-25T16:55:51.7747350Z     ok 7 - beforeManifestOpen
2026-07-25T16:55:51.7747713Z       ---
2026-07-25T16:55:51.7748234Z       duration_ms: 1.014899
2026-07-25T16:55:51.7748603Z       type: 'test'
2026-07-25T16:55:51.7748924Z       ...
2026-07-25T16:55:51.7749274Z     # Subtest: afterManifestOpen
2026-07-25T16:55:51.7749663Z     ok 8 - afterManifestOpen
2026-07-25T16:55:51.7750090Z       ---
2026-07-25T16:55:51.7750407Z       duration_ms: 1.06911
2026-07-25T16:55:51.7750758Z       type: 'test'
2026-07-25T16:55:51.7751087Z       ...
2026-07-25T16:55:51.7751435Z     # Subtest: afterManifestWrite
2026-07-25T16:55:51.7751824Z     ok 9 - afterManifestWrite
2026-07-25T16:55:51.7752179Z       ---
2026-07-25T16:55:51.7752664Z       duration_ms: 1.287019
2026-07-25T16:55:51.7753023Z       type: 'test'
2026-07-25T16:55:51.7753346Z       ...
2026-07-25T16:55:51.7753691Z     # Subtest: afterManifestFsync
2026-07-25T16:55:51.7754277Z     ok 10 - afterManifestFsync
2026-07-25T16:55:51.7754649Z       ---
2026-07-25T16:55:51.7754972Z       duration_ms: 2.376806
2026-07-25T16:55:51.7755328Z       type: 'test'
2026-07-25T16:55:51.7755661Z       ...
2026-07-25T16:55:51.7756004Z     # Subtest: beforeValidation
2026-07-25T16:55:51.7756375Z     ok 11 - beforeValidation
2026-07-25T16:55:51.7756730Z       ---
2026-07-25T16:55:51.7757044Z       duration_ms: 2.286303
2026-07-25T16:55:51.7757384Z       type: 'test'
2026-07-25T16:55:51.7757702Z       ...
2026-07-25T16:55:51.7758043Z     # Subtest: afterValidation
2026-07-25T16:55:51.7758422Z     ok 12 - afterValidation
2026-07-25T16:55:51.7758770Z       ---
2026-07-25T16:55:51.7759086Z       duration_ms: 2.171171
2026-07-25T16:55:51.7759426Z       type: 'test'
2026-07-25T16:55:51.7759750Z       ...
2026-07-25T16:55:51.7760112Z     # Subtest: beforeManifestClose
2026-07-25T16:55:51.7760530Z     ok 13 - beforeManifestClose
2026-07-25T16:55:51.7760897Z       ---
2026-07-25T16:55:51.7761210Z       duration_ms: 2.081946
2026-07-25T16:55:51.7761565Z       type: 'test'
2026-07-25T16:55:51.7761896Z       ...
2026-07-25T16:55:51.7762206Z     1..13
2026-07-25T16:55:51.7762799Z ok 41 - every initialization checkpoint fails closed and rolls back owned entries
2026-07-25T16:55:51.7763337Z   ---
2026-07-25T16:55:51.7763666Z   duration_ms: 19.381057
2026-07-25T16:55:51.7764291Z   type: 'test'
2026-07-25T16:55:51.7764637Z   ...
2026-07-25T16:55:51.7765228Z # Subtest: successful creations that fail before identity capture are preserved and reported
2026-07-25T16:55:51.7765965Z     # Subtest: afterCatalogCreateBeforeCapture
2026-07-25T16:55:51.7766524Z     ok 1 - afterCatalogCreateBeforeCapture
2026-07-25T16:55:51.7766960Z       ---
2026-07-25T16:55:51.7767284Z       duration_ms: 0.768988
2026-07-25T16:55:51.7767636Z       type: 'test'
2026-07-25T16:55:51.7767972Z       ...
2026-07-25T16:55:51.7768347Z     # Subtest: afterModulesCreateBeforeCapture
2026-07-25T16:55:51.7768824Z     ok 2 - afterModulesCreateBeforeCapture
2026-07-25T16:55:51.7769228Z       ---
2026-07-25T16:55:51.7769555Z       duration_ms: 0.596809
2026-07-25T16:55:51.7770003Z       type: 'test'
2026-07-25T16:55:51.7770330Z       ...
2026-07-25T16:55:51.7770714Z     # Subtest: afterCircuitsCreateBeforeCapture
2026-07-25T16:55:51.7771195Z     ok 3 - afterCircuitsCreateBeforeCapture
2026-07-25T16:55:51.7771600Z       ---
2026-07-25T16:55:51.7771919Z       duration_ms: 0.742319
2026-07-25T16:55:51.7772273Z       type: 'test'
2026-07-25T16:55:51.7772595Z       ...
2026-07-25T16:55:51.7772973Z     # Subtest: afterManifestOpenBeforeCapture
2026-07-25T16:55:51.7773449Z     ok 4 - afterManifestOpenBeforeCapture
2026-07-25T16:55:51.7774115Z       ---
2026-07-25T16:55:51.7774454Z       duration_ms: 1.037953
2026-07-25T16:55:51.7774812Z       type: 'test'
2026-07-25T16:55:51.7775151Z       ...
2026-07-25T16:55:51.7775459Z     1..4
2026-07-25T16:55:51.7776031Z ok 42 - successful creations that fail before identity capture are preserved and reported
2026-07-25T16:55:51.7776585Z   ---
2026-07-25T16:55:51.7776915Z   duration_ms: 3.516046
2026-07-25T16:55:51.7777269Z   type: 'test'
2026-07-25T16:55:51.7777593Z   ...
2026-07-25T16:55:51.7778338Z # Subtest: non-empty rollback targets survive with an explicit cleanup diagnostic
2026-07-25T16:55:51.7779106Z ok 43 - non-empty rollback targets survive with an explicit cleanup diagnostic
2026-07-25T16:55:51.7779623Z   ---
2026-07-25T16:55:51.7779951Z   duration_ms: 1.098935
2026-07-25T16:55:51.7780304Z   type: 'test'
2026-07-25T16:55:51.7780627Z   ...
2026-07-25T16:55:51.7781142Z # Subtest: identity-changed rollback targets and displaced entries are preserved
2026-07-25T16:55:51.7781855Z ok 44 - identity-changed rollback targets and displaced entries are preserved
2026-07-25T16:55:51.7782384Z   ---
2026-07-25T16:55:51.7782688Z   duration_ms: 1.085725
2026-07-25T16:55:51.7783176Z   type: 'test'
2026-07-25T16:55:51.7783480Z   ...
2026-07-25T16:55:51.7784112Z # Subtest: two coordinated processes produce exactly one initialized project
2026-07-25T16:55:51.7784759Z ok 45 - two coordinated processes produce exactly one initialized project
2026-07-25T16:55:51.7785440Z   ---
2026-07-25T16:55:51.7785838Z   duration_ms: 455.189206
2026-07-25T16:55:51.7786403Z   type: 'test'
2026-07-25T16:55:51.7786821Z   ...
2026-07-25T16:55:51.7787455Z # Subtest: initialization and generated-project validation stay offline and process-free
2026-07-25T16:55:51.7788370Z ok 46 - initialization and generated-project validation stay offline and process-free
2026-07-25T16:55:51.7788951Z   ---
2026-07-25T16:55:51.7789409Z   duration_ms: 14.802355
2026-07-25T16:55:51.7789847Z   type: 'test'
2026-07-25T16:55:51.7790237Z   ...
2026-07-25T16:55:51.7922801Z # Subtest: initializer source has no network, process, or adapter execution surface
2026-07-25T16:55:51.7925208Z ok 47 - initializer source has no network, process, or adapter execution surface
2026-07-25T16:55:51.7925666Z   ---
2026-07-25T16:55:51.7925867Z   duration_ms: 0.419281
2026-07-25T16:55:51.7926076Z   type: 'test'
2026-07-25T16:55:51.7926253Z   ...
2026-07-25T16:55:51.7926638Z # Subtest: runtime diagnostic definitions exactly match the normative catalog
2026-07-25T16:55:51.7927180Z ok 48 - runtime diagnostic definitions exactly match the normative catalog
2026-07-25T16:55:51.7927522Z   ---
2026-07-25T16:55:51.7927708Z   duration_ms: 1.422823
2026-07-25T16:55:51.7927912Z   type: 'test'
2026-07-25T16:55:51.7928086Z   ...
2026-07-25T16:55:51.7928589Z # Subtest: strict JSON parsing rejects invalid UTF-8, syntax extensions, duplicate keys, and unsafe numbers
2026-07-25T16:55:51.7929320Z ok 49 - strict JSON parsing rejects invalid UTF-8, syntax extensions, duplicate keys, and unsafe numbers
2026-07-25T16:55:51.7929749Z   ---
2026-07-25T16:55:51.7929928Z   duration_ms: 2.448658
2026-07-25T16:55:51.7930134Z   type: 'test'
2026-07-25T16:55:51.7930327Z   ...
2026-07-25T16:55:51.7930732Z # Subtest: strict JSON parsing enforces artifact byte and depth ceilings before validation
2026-07-25T16:55:51.7931361Z ok 50 - strict JSON parsing enforces artifact byte and depth ceilings before validation
2026-07-25T16:55:51.7931744Z   ---
2026-07-25T16:55:51.7931915Z   duration_ms: 106.532396
2026-07-25T16:55:51.7932125Z   type: 'test'
2026-07-25T16:55:51.7932305Z   ...
2026-07-25T16:55:51.7932652Z # Subtest: dispatch fails closed with stable version and kind diagnostics
2026-07-25T16:55:51.7933162Z ok 51 - dispatch fails closed with stable version and kind diagnostics
2026-07-25T16:55:51.7933476Z   ---
2026-07-25T16:55:51.7933649Z   duration_ms: 0.673114
2026-07-25T16:55:51.7934021Z   type: 'test'
2026-07-25T16:55:51.7944116Z   ...
2026-07-25T16:55:51.7944542Z # Subtest: schema failures normalize permission, privacy, and stop-condition policy
2026-07-25T16:55:51.7945157Z ok 52 - schema failures normalize permission, privacy, and stop-condition policy
2026-07-25T16:55:51.7945538Z   ---
2026-07-25T16:55:51.7945832Z   duration_ms: 198.459955
2026-07-25T16:55:51.7946039Z   type: 'test'
2026-07-25T16:55:51.7946220Z   ...
2026-07-25T16:55:51.7946611Z # Subtest: diagnostics are sanitized, deduplicated, and sorted deterministically
2026-07-25T16:55:51.7947190Z ok 53 - diagnostics are sanitized, deduplicated, and sorted deterministically
2026-07-25T16:55:51.7947990Z   ---
2026-07-25T16:55:51.7948180Z   duration_ms: 0.993296
2026-07-25T16:55:51.7948389Z   type: 'test'
2026-07-25T16:55:51.7948571Z   ...
2026-07-25T16:55:51.7948993Z # Subtest: an explicit minimal project validates without discovery or optional adapters
2026-07-25T16:55:51.7949621Z ok 54 - an explicit minimal project validates without discovery or optional adapters
2026-07-25T16:55:51.7950014Z   ---
2026-07-25T16:55:51.7950192Z   duration_ms: 202.398858
2026-07-25T16:55:51.7950398Z   type: 'test'
2026-07-25T16:55:51.7950575Z   ...
2026-07-25T16:55:51.7951018Z # Subtest: a complete parallel project validates module routing, ownership, joins, and ceilings
2026-07-25T16:55:51.7951909Z ok 55 - a complete parallel project validates module routing, ownership, joins, and ceilings
2026-07-25T16:55:51.7952318Z   ---
2026-07-25T16:55:51.7952497Z   duration_ms: 14.8224
2026-07-25T16:55:51.7952692Z   type: 'test'
2026-07-25T16:55:51.7952856Z   ...
2026-07-25T16:55:51.7953281Z # Subtest: project loading rejects lexical escapes and every portable forbidden path form
2026-07-25T16:55:51.7953663Z     # Subtest: parent
2026-07-25T16:55:51.7954021Z     ok 1 - parent
2026-07-25T16:55:51.7954202Z       ---
2026-07-25T16:55:51.7954386Z       duration_ms: 1.555192
2026-07-25T16:55:51.7954595Z       type: 'test'
2026-07-25T16:55:51.7954780Z       ...
2026-07-25T16:55:51.7954957Z     # Subtest: posix absolute
2026-07-25T16:55:51.7955176Z     ok 2 - posix absolute
2026-07-25T16:55:51.7955378Z       ---
2026-07-25T16:55:51.7955557Z       duration_ms: 0.564491
2026-07-25T16:55:51.7955766Z       type: 'test'
2026-07-25T16:55:51.7955950Z       ...
2026-07-25T16:55:51.7956144Z     # Subtest: windows absolute
2026-07-25T16:55:51.7956372Z     ok 3 - windows absolute
2026-07-25T16:55:51.7956578Z       ---
2026-07-25T16:55:51.7956749Z       duration_ms: 0.5643
2026-07-25T16:55:51.7956955Z       type: 'test'
2026-07-25T16:55:51.7957135Z       ...
2026-07-25T16:55:51.7957306Z     # Subtest: unc
2026-07-25T16:55:51.7957493Z     ok 4 - unc
2026-07-25T16:55:51.7957677Z       ---
2026-07-25T16:55:51.7957857Z       duration_ms: 1.538297
2026-07-25T16:55:51.7958067Z       type: 'test'
2026-07-25T16:55:51.7958243Z       ...
2026-07-25T16:55:51.7958413Z     # Subtest: device
2026-07-25T16:55:51.7958609Z     ok 5 - device
2026-07-25T16:55:51.7958791Z       ---
2026-07-25T16:55:51.7958965Z       duration_ms: 0.748498
2026-07-25T16:55:51.7959174Z       type: 'test'
2026-07-25T16:55:51.7959354Z       ...
2026-07-25T16:55:51.7959550Z     # Subtest: alternate stream
2026-07-25T16:55:51.7959783Z     ok 6 - alternate stream
2026-07-25T16:55:51.7959993Z       ---
2026-07-25T16:55:51.7960170Z       duration_ms: 0.838984
2026-07-25T16:55:51.7960368Z       type: 'test'
2026-07-25T16:55:51.7960545Z       ...
2026-07-25T16:55:51.7960711Z     # Subtest: URI
2026-07-25T16:55:51.7960897Z     ok 7 - URI
2026-07-25T16:55:51.7961075Z       ---
2026-07-25T16:55:51.7961254Z       duration_ms: 1.322302
2026-07-25T16:55:51.7961462Z       type: 'test'
2026-07-25T16:55:51.7961646Z       ...
2026-07-25T16:55:51.7961819Z     # Subtest: backslash
2026-07-25T16:55:51.7962034Z     ok 8 - backslash
2026-07-25T16:55:51.7962222Z       ---
2026-07-25T16:55:51.7962396Z       duration_ms: 0.718753
2026-07-25T16:55:51.7962609Z       type: 'test'
2026-07-25T16:55:51.7962787Z       ...
2026-07-25T16:55:51.7962999Z     # Subtest: lone high surrogate
2026-07-25T16:55:51.7963268Z     ok 9 - lone high surrogate
2026-07-25T16:55:51.7963488Z       ---
2026-07-25T16:55:51.7963666Z       duration_ms: 0.705212
2026-07-25T16:55:51.8010588Z       type: 'test'
2026-07-25T16:55:51.8010824Z       ...
2026-07-25T16:55:51.8011071Z     # Subtest: lone low surrogate
2026-07-25T16:55:51.8011350Z     ok 10 - lone low surrogate
2026-07-25T16:55:51.8011569Z       ---
2026-07-25T16:55:51.8011760Z       duration_ms: 0.500064
2026-07-25T16:55:51.8011988Z       type: 'test'
2026-07-25T16:55:51.8012174Z       ...
2026-07-25T16:55:51.8012336Z     1..10
2026-07-25T16:55:51.8013104Z ok 56 - project loading rejects lexical escapes and every portable forbidden path form
2026-07-25T16:55:51.8013512Z   ---
2026-07-25T16:55:51.8013700Z   duration_ms: 10.163709
2026-07-25T16:55:51.8014052Z   type: 'test'
2026-07-25T16:55:51.8014223Z   ...
2026-07-25T16:55:51.8014671Z # Subtest: project loading distinguishes missing references, non-files, and safe I/O failures
2026-07-25T16:55:51.8015349Z ok 57 - project loading distinguishes missing references, non-files, and safe I/O failures
2026-07-25T16:55:51.8015757Z   ---
2026-07-25T16:55:51.8015949Z   duration_ms: 1.575153
2026-07-25T16:55:51.8016160Z   type: 'test'
2026-07-25T16:55:51.8016540Z   ...
2026-07-25T16:55:51.8016964Z # Subtest: contained missing-file diagnostics suppress secret-bearing artifact names
2026-07-25T16:55:51.8017586Z ok 58 - contained missing-file diagnostics suppress secret-bearing artifact names
2026-07-25T16:55:51.8017955Z   ---
2026-07-25T16:55:51.8018129Z   duration_ms: 0.779143
2026-07-25T16:55:51.8018333Z   type: 'test'
2026-07-25T16:55:51.8018518Z   ...
2026-07-25T16:55:51.8018971Z # Subtest: explicit project roots reject remote, device, stream, and control forms before I/O
2026-07-25T16:55:51.8019401Z     # Subtest: file URI
2026-07-25T16:55:51.8019610Z     ok 1 - file URI
2026-07-25T16:55:51.8019802Z       ---
2026-07-25T16:55:51.8019991Z       duration_ms: 0.1595
2026-07-25T16:55:51.8020207Z       type: 'test'
2026-07-25T16:55:51.8020397Z       ...
2026-07-25T16:55:51.8020588Z     # Subtest: network URI
2026-07-25T16:55:51.8020816Z     ok 2 - network URI
2026-07-25T16:55:51.8021024Z       ---
2026-07-25T16:55:51.8021214Z       duration_ms: 0.078809
2026-07-25T16:55:51.8021445Z       type: 'test'
2026-07-25T16:55:51.8021633Z       ...
2026-07-25T16:55:51.8021818Z     # Subtest: slash UNC
2026-07-25T16:55:51.8022040Z     ok 3 - slash UNC
2026-07-25T16:55:51.8022239Z       ---
2026-07-25T16:55:51.8022428Z       duration_ms: 0.069084
2026-07-25T16:55:51.8022650Z       type: 'test'
2026-07-25T16:55:51.8022842Z       ...
2026-07-25T16:55:51.8023039Z     # Subtest: backslash UNC
2026-07-25T16:55:51.8023264Z     ok 4 - backslash UNC
2026-07-25T16:55:51.8023470Z       ---
2026-07-25T16:55:51.8023649Z       duration_ms: 0.083596
2026-07-25T16:55:51.8024006Z       type: 'test'
2026-07-25T16:55:51.8024191Z       ...
2026-07-25T16:55:51.8024376Z     # Subtest: device path
2026-07-25T16:55:51.8024595Z     ok 5 - device path
2026-07-25T16:55:51.8024816Z       ---
2026-07-25T16:55:51.8025111Z       duration_ms: 0.050396
2026-07-25T16:55:51.8025329Z       type: 'test'
2026-07-25T16:55:51.8025514Z       ...
2026-07-25T16:55:51.8025721Z     # Subtest: alternate stream
2026-07-25T16:55:51.8025966Z     ok 6 - alternate stream
2026-07-25T16:55:51.8026184Z       ---
2026-07-25T16:55:51.8026369Z       duration_ms: 0.056125
2026-07-25T16:55:51.8026584Z       type: 'test'
2026-07-25T16:55:51.8026767Z       ...
2026-07-25T16:55:51.8026975Z     # Subtest: control character
2026-07-25T16:55:51.8027217Z     ok 7 - control character
2026-07-25T16:55:51.8027433Z       ---
2026-07-25T16:55:51.8027615Z       duration_ms: 0.047231
2026-07-25T16:55:51.8027828Z       type: 'test'
2026-07-25T16:55:51.8028015Z       ...
2026-07-25T16:55:51.8028213Z     # Subtest: lone high surrogate
2026-07-25T16:55:51.8028481Z     ok 8 - lone high surrogate
2026-07-25T16:55:51.8028702Z       ---
2026-07-25T16:55:51.8028885Z       duration_ms: 0.045158
2026-07-25T16:55:51.8029099Z       type: 'test'
2026-07-25T16:55:51.8029282Z       ...
2026-07-25T16:55:51.8029485Z     # Subtest: lone low surrogate
2026-07-25T16:55:51.8029723Z     ok 9 - lone low surrogate
2026-07-25T16:55:51.8029941Z       ---
2026-07-25T16:55:51.8030125Z       duration_ms: 0.044988
2026-07-25T16:55:51.8030340Z       type: 'test'
2026-07-25T16:55:51.8030525Z       ...
2026-07-25T16:55:51.8030686Z     1..9
2026-07-25T16:55:51.8031113Z ok 59 - explicit project roots reject remote, device, stream, and control forms before I/O
2026-07-25T16:55:51.8031523Z   ---
2026-07-25T16:55:51.8031702Z   duration_ms: 1.151885
2026-07-25T16:55:51.8031907Z   type: 'test'
2026-07-25T16:55:51.8032251Z   ...
2026-07-25T16:55:51.8032570Z # Subtest: project loading rejects links below the trust root
2026-07-25T16:55:51.8033011Z ok 60 - project loading rejects links below the trust root
2026-07-25T16:55:51.8033310Z   ---
2026-07-25T16:55:51.8033488Z   duration_ms: 0.987087
2026-07-25T16:55:51.8033681Z   type: 'test'
2026-07-25T16:55:51.8034117Z   ...
2026-07-25T16:55:51.8034521Z # Subtest: project loading rejects external links without dereferencing their target
2026-07-25T16:55:51.8035140Z ok 61 - project loading rejects external links without dereferencing their target
2026-07-25T16:55:51.8035671Z   ---
2026-07-25T16:55:51.8035848Z   duration_ms: 1.021088
2026-07-25T16:55:51.8036053Z   type: 'test'
2026-07-25T16:55:51.8036236Z   ...
2026-07-25T16:55:51.8036619Z # Subtest: project validation accepts a root reached through an aliased ancestor
2026-07-25T16:55:51.8037192Z ok 62 - project validation accepts a root reached through an aliased ancestor
2026-07-25T16:55:51.8037549Z   ---
2026-07-25T16:55:51.8037729Z   duration_ms: 0.985685
2026-07-25T16:55:51.8037931Z   type: 'test'
2026-07-25T16:55:51.8038107Z   ...
2026-07-25T16:55:51.8038508Z # Subtest: canonical containment distinguishes internal aliases from resolved escape
2026-07-25T16:55:51.8039075Z ok 63 - canonical containment distinguishes internal aliases from resolved escape
2026-07-25T16:55:51.8039442Z   ---
2026-07-25T16:55:51.8039624Z   duration_ms: 0.32519
2026-07-25T16:55:51.8039833Z   type: 'test'
2026-07-25T16:55:51.8040012Z   ...
2026-07-25T16:55:51.8040420Z # Subtest: project references fail closed for wrong kinds and duplicate identities
2026-07-25T16:55:51.8041042Z ok 64 - project references fail closed for wrong kinds and duplicate identities
2026-07-25T16:55:51.8041414Z   ---
2026-07-25T16:55:51.8041594Z   duration_ms: 14.85499
2026-07-25T16:55:51.8041805Z   type: 'test'
2026-07-25T16:55:51.8041988Z   ...
2026-07-25T16:55:51.8042413Z # Subtest: reference and graph diagnostics identify undeclared outcomes, ports, and fan-in
2026-07-25T16:55:51.8043062Z ok 65 - reference and graph diagnostics identify undeclared outcomes, ports, and fan-in
2026-07-25T16:55:51.8043457Z   ---
2026-07-25T16:55:51.8043632Z   duration_ms: 47.019732
2026-07-25T16:55:51.8043987Z   type: 'test'
2026-07-25T16:55:51.8044162Z   ...
2026-07-25T16:55:51.8044520Z # Subtest: every project and graph reference class emits reference.not-found
2026-07-25T16:55:51.8045051Z ok 66 - every project and graph reference class emits reference.not-found
2026-07-25T16:55:51.8045405Z   ---
2026-07-25T16:55:51.8045583Z   duration_ms: 24.343697
2026-07-25T16:55:51.8045798Z   type: 'test'
2026-07-25T16:55:51.8045968Z   ...
2026-07-25T16:55:51.8046381Z # Subtest: cycles, fan-out ownership, and permission ceilings are enforced semantically
2026-07-25T16:55:51.8047001Z ok 67 - cycles, fan-out ownership, and permission ceilings are enforced semantically
2026-07-25T16:55:51.8047376Z   ---
2026-07-25T16:55:51.8047551Z   duration_ms: 29.757662
2026-07-25T16:55:51.8047762Z   type: 'test'
2026-07-25T16:55:51.8047933Z   ...
2026-07-25T16:55:51.8048271Z # Subtest: multi-node cycles require a bound on every cyclic route
2026-07-25T16:55:51.8048748Z ok 68 - multi-node cycles require a bound on every cyclic route
2026-07-25T16:55:51.8049058Z   ---
2026-07-25T16:55:51.8049232Z   duration_ms: 6.331127
2026-07-25T16:55:51.8049439Z   type: 'test'
2026-07-25T16:55:51.8049616Z   ...
2026-07-25T16:55:51.8050008Z # Subtest: fan-out declarations and entry reachability stay structurally consistent
2026-07-25T16:55:51.8050594Z ok 69 - fan-out declarations and entry reachability stay structurally consistent
2026-07-25T16:55:51.8050962Z   ---
2026-07-25T16:55:51.8051139Z   duration_ms: 6.630907
2026-07-25T16:55:51.8051344Z   type: 'test'
2026-07-25T16:55:51.8051521Z   ...
2026-07-25T16:55:51.8051914Z # Subtest: permission grammar covers every kind and filesystem prefix boundaries
2026-07-25T16:55:51.8052461Z ok 70 - permission grammar covers every kind and filesystem prefix boundaries
2026-07-25T16:55:51.8053011Z   ---
2026-07-25T16:55:51.8053189Z   duration_ms: 23.92775
2026-07-25T16:55:51.8053388Z   type: 'test'
2026-07-25T16:55:51.8053566Z   ...
2026-07-25T16:55:51.8054127Z # Subtest: project and circuit collection ceilings emit dedicated limit diagnostics
2026-07-25T16:55:51.8054716Z ok 71 - project and circuit collection ceilings emit dedicated limit diagnostics
2026-07-25T16:55:51.8055076Z   ---
2026-07-25T16:55:51.8055258Z   duration_ms: 647.653689
2026-07-25T16:55:51.8055466Z   type: 'test'
2026-07-25T16:55:51.8055642Z   ...
2026-07-25T16:55:51.8056008Z # Subtest: the documented source-checkout example is repeatable and read-only
2026-07-25T16:55:51.8056699Z ok 72 - the documented source-checkout example is repeatable and read-only
2026-07-25T16:55:51.8057042Z   ---
2026-07-25T16:55:51.8057219Z   duration_ms: 1342.031136
2026-07-25T16:55:51.8057426Z   type: 'test'
2026-07-25T16:55:51.8057602Z   ...
2026-07-25T16:55:51.8057973Z # Subtest: the documented initialization grammar works in a temporary project
2026-07-25T16:55:51.8058514Z ok 73 - the documented initialization grammar works in a temporary project
2026-07-25T16:55:51.8058868Z   ---
2026-07-25T16:55:51.8059049Z   duration_ms: 1567.557764
2026-07-25T16:55:51.8059258Z   type: 'test'
2026-07-25T16:55:51.8059433Z   ...
2026-07-25T16:55:51.8059766Z # Subtest: the quick start remains a private source-checkout interface
2026-07-25T16:55:51.8060268Z ok 74 - the quick start remains a private source-checkout interface
2026-07-25T16:55:51.8060587Z   ---
2026-07-25T16:55:51.8060761Z   duration_ms: 3.668351
2026-07-25T16:55:51.8060961Z   type: 'test'
2026-07-25T16:55:51.8061140Z   ...
2026-07-25T16:55:51.8061467Z # Subtest: all v1alpha1 schemas compile together in strict Ajv 2020 mode
2026-07-25T16:55:51.8061975Z ok 75 - all v1alpha1 schemas compile together in strict Ajv 2020 mode
2026-07-25T16:55:51.8062296Z   ---
2026-07-25T16:55:51.8062471Z   duration_ms: 234.452528
2026-07-25T16:55:51.8062680Z   type: 'test'
2026-07-25T16:55:51.8062864Z   ...
2026-07-25T16:55:51.8063229Z # Subtest: one canonical fixture for every supported kind passes its schema
2026-07-25T16:55:51.8063927Z ok 76 - one canonical fixture for every supported kind passes its schema
2026-07-25T16:55:51.8064392Z   ---
2026-07-25T16:55:51.8064576Z   duration_ms: 180.991578
2026-07-25T16:55:51.8064795Z   type: 'test'
2026-07-25T16:55:51.8064982Z   ...
2026-07-25T16:55:51.8065335Z # Subtest: schema and fixture paths are repository-owned local files
2026-07-25T16:55:51.8065790Z ok 77 - schema and fixture paths are repository-owned local files
2026-07-25T16:55:51.8066092Z   ---
2026-07-25T16:55:51.8066267Z   duration_ms: 0.388555
2026-07-25T16:55:51.8066458Z   type: 'test'
2026-07-25T16:55:51.8066628Z   ...
2026-07-25T16:55:51.8067055Z # Subtest: the diagnostic catalog and adversarial matrix are closed and internally consistent
2026-07-25T16:55:51.8067709Z ok 78 - the diagnostic catalog and adversarial matrix are closed and internally consistent
2026-07-25T16:55:51.8068098Z   ---
2026-07-25T16:55:51.8068283Z   duration_ms: 8.102164
2026-07-25T16:55:51.8068485Z   type: 'test'
2026-07-25T16:55:51.8068658Z   ...
2026-07-25T16:55:51.8069077Z # Subtest: every concrete object boundary in all six valid fixtures rejects unknown fields
2026-07-25T16:55:51.8069713Z ok 79 - every concrete object boundary in all six valid fixtures rejects unknown fields
2026-07-25T16:55:51.8070098Z   ---
2026-07-25T16:55:51.8070275Z   duration_ms: 256.66517
2026-07-25T16:55:51.8070478Z   type: 'test'
2026-07-25T16:55:51.8070652Z   ...
2026-07-25T16:55:51.8071119Z # Subtest: the parallel circuit fixture declares fan-out, bounded work ownership, and one fan-in policy
2026-07-25T16:55:51.8071856Z ok 80 - the parallel circuit fixture declares fan-out, bounded work ownership, and one fan-in policy
2026-07-25T16:55:51.8072289Z   ---
2026-07-25T16:55:51.8072459Z   duration_ms: 64.654964
2026-07-25T16:55:51.8072664Z   type: 'test'
2026-07-25T16:55:51.8072842Z   ...
2026-07-25T16:55:51.8073499Z # Subtest: schema boundaries reject permission, privacy, compatibility, and terminal-state ambiguity
2026-07-25T16:55:51.8074450Z ok 81 - schema boundaries reject permission, privacy, compatibility, and terminal-state ambiguity
2026-07-25T16:55:51.8074873Z   ---
2026-07-25T16:55:51.8075050Z   duration_ms: 95.606509
2026-07-25T16:55:51.8075260Z   type: 'test'
2026-07-25T16:55:51.8075441Z   ...
2026-07-25T16:55:51.8075808Z # Subtest: minimal projects and timestamp-free events remain valid
2026-07-25T16:55:51.8076302Z ok 82 - minimal projects and timestamp-free events remain valid
2026-07-25T16:55:51.8076626Z   ---
2026-07-25T16:55:51.8076811Z   duration_ms: 36.879915
2026-07-25T16:55:51.8077178Z   type: 'test'
2026-07-25T16:55:51.8077360Z   ...
2026-07-25T16:55:51.8077850Z # Subtest: package schemas use only local package-owned references and strict known keywords
2026-07-25T16:55:51.8078495Z ok 83 - package schemas use only local package-owned references and strict known keywords
2026-07-25T16:55:51.8078896Z   ---
2026-07-25T16:55:51.8079082Z   duration_ms: 25.133277
2026-07-25T16:55:51.8079300Z   type: 'test'
2026-07-25T16:55:51.8079484Z   ...
2026-07-25T16:55:51.8079829Z # Subtest: strict parser fixtures expose syntax and duplicate-key failures
2026-07-25T16:55:51.8080371Z ok 84 - strict parser fixtures expose syntax and duplicate-key failures
2026-07-25T16:55:51.8080717Z   ---
2026-07-25T16:55:51.8080898Z   duration_ms: 7.647133
2026-07-25T16:55:51.8081109Z   type: 'test'
2026-07-25T16:55:51.8081287Z   ...
2026-07-25T16:55:51.8081596Z # Subtest: golden specialist selection: one-agent-optimal
2026-07-25T16:55:51.8081994Z ok 85 - golden specialist selection: one-agent-optimal
2026-07-25T16:55:51.8082264Z   ---
2026-07-25T16:55:51.8082433Z   duration_ms: 118.527844
2026-07-25T16:55:51.8082629Z   type: 'test'
2026-07-25T16:55:51.8082798Z   ...
2026-07-25T16:55:51.8083088Z # Subtest: golden specialist selection: genuinely-parallel
2026-07-25T16:55:51.8083502Z ok 86 - golden specialist selection: genuinely-parallel
2026-07-25T16:55:51.8083944Z   ---
2026-07-25T16:55:51.8084129Z   duration_ms: 6.762751
2026-07-25T16:55:51.8084342Z   type: 'test'
2026-07-25T16:55:51.8084509Z   ...
2026-07-25T16:55:51.8084770Z # Subtest: golden specialist selection: under-split
2026-07-25T16:55:51.8085129Z ok 87 - golden specialist selection: under-split
2026-07-25T16:55:51.8085398Z   ---
2026-07-25T16:55:51.8085577Z   duration_ms: 5.176422
2026-07-25T16:55:51.8085786Z   type: 'test'
2026-07-25T16:55:51.8085960Z   ...
2026-07-25T16:55:51.8086231Z # Subtest: golden specialist selection: over-split
2026-07-25T16:55:51.8086618Z ok 88 - golden specialist selection: over-split
2026-07-25T16:55:51.8086898Z   ---
2026-07-25T16:55:51.8087073Z   duration_ms: 4.15585
2026-07-25T16:55:51.8087265Z   type: 'test'
2026-07-25T16:55:51.8087446Z   ...
2026-07-25T16:55:51.8087731Z # Subtest: golden specialist selection: conflict-heavy
2026-07-25T16:55:51.8088129Z ok 89 - golden specialist selection: conflict-heavy
2026-07-25T16:55:51.8088398Z   ---
2026-07-25T16:55:51.8088564Z   duration_ms: 3.688596
2026-07-25T16:55:51.8088770Z   type: 'test'
2026-07-25T16:55:51.8088941Z   ...
2026-07-25T16:55:51.8089209Z # Subtest: golden specialist selection: generic-role
2026-07-25T16:55:51.8089582Z ok 90 - golden specialist selection: generic-role
2026-07-25T16:55:51.8089839Z   ---
2026-07-25T16:55:51.8090010Z   duration_ms: 5.425051
2026-07-25T16:55:51.8090208Z   type: 'test'
2026-07-25T16:55:51.8090385Z   ...
2026-07-25T16:55:51.8090856Z # Subtest: candidate analysis exposes deterministic rejection evidence when no team is eligible
2026-07-25T16:55:51.8091561Z ok 91 - candidate analysis exposes deterministic rejection evidence when no team is eligible
2026-07-25T16:55:51.8091980Z   ---
2026-07-25T16:55:51.8092158Z   duration_ms: 7.440026
2026-07-25T16:55:51.8092365Z   type: 'test'
2026-07-25T16:55:51.8092543Z   ...
2026-07-25T16:55:51.8092891Z # Subtest: candidate analysis and compilation select the same exact team
2026-07-25T16:55:51.8093418Z ok 92 - candidate analysis and compilation select the same exact team
2026-07-25T16:55:51.8094124Z   ---
2026-07-25T16:55:51.8094318Z   duration_ms: 9.927748
2026-07-25T16:55:51.8094526Z   type: 'test'
2026-07-25T16:55:51.8094709Z   ...
2026-07-25T16:55:51.8095087Z # Subtest: generated team and agent identifiers retain the full SHA-256 suffix
2026-07-25T16:55:51.8095631Z ok 93 - generated team and agent identifiers retain the full SHA-256 suffix
2026-07-25T16:55:51.8095977Z   ---
2026-07-25T16:55:51.8096153Z   duration_ms: 4.401469
2026-07-25T16:55:51.8096356Z   type: 'test'
2026-07-25T16:55:51.8096536Z   ...
2026-07-25T16:55:51.8097031Z # Subtest: selected blueprints close exact ownership, authority, context, evidence, handoff, and digests
2026-07-25T16:55:51.8097926Z ok 94 - selected blueprints close exact ownership, authority, context, evidence, handoff, and digests
2026-07-25T16:55:51.8098383Z   ---
2026-07-25T16:55:51.8098568Z   duration_ms: 14.561123
2026-07-25T16:55:51.8098789Z   type: 'test'
2026-07-25T16:55:51.8098971Z   ...
2026-07-25T16:55:51.8099441Z # Subtest: exact search evaluates every allowed canonical partition through the declared limit
2026-07-25T16:55:51.8100151Z ok 95 - exact search evaluates every allowed canonical partition through the declared limit
2026-07-25T16:55:51.8100565Z   ---
2026-07-25T16:55:51.8100744Z   duration_ms: 1442.830117
2026-07-25T16:55:51.8100959Z   type: 'test'
2026-07-25T16:55:51.8101141Z   ...
2026-07-25T16:55:51.8101503Z # Subtest: fixed scheduler prioritizes the longer remaining critical path
2026-07-25T16:55:51.8102032Z ok 96 - fixed scheduler prioritizes the longer remaining critical path
2026-07-25T16:55:51.8102371Z   ---
2026-07-25T16:55:51.8102552Z   duration_ms: 3.708097
2026-07-25T16:55:51.8102759Z   type: 'test'
2026-07-25T16:55:51.8102936Z   ...
2026-07-25T16:55:51.8103294Z # Subtest: fixed scheduler breaks equal critical paths by longer duration
2026-07-25T16:55:51.8103537Z ok 97 - fixed scheduler breaks equal critical paths by longer duration
2026-07-25T16:55:51.8103613Z   ---
2026-07-25T16:55:51.8103695Z   duration_ms: 7.256337
2026-07-25T16:55:51.8104025Z   type: 'test'
2026-07-25T16:55:51.8104096Z   ...
2026-07-25T16:55:51.8104311Z # Subtest: fixed scheduler breaks remaining ties by agent ID
2026-07-25T16:55:51.8104506Z ok 98 - fixed scheduler breaks remaining ties by agent ID
2026-07-25T16:55:51.8104576Z   ---
2026-07-25T16:55:51.8104659Z   duration_ms: 3.668601
2026-07-25T16:55:51.8104735Z   type: 'test'
2026-07-25T16:55:51.8104809Z   ...
2026-07-25T16:55:51.8104996Z # Subtest: fixed scheduler enforces maximum concurrency
2026-07-25T16:55:51.8105176Z ok 99 - fixed scheduler enforces maximum concurrency
2026-07-25T16:55:51.8105255Z   ---
2026-07-25T16:55:51.8105340Z   duration_ms: 3.524667
2026-07-25T16:55:51.8105419Z   type: 'test'
2026-07-25T16:55:51.8105487Z   ...
2026-07-25T16:55:51.8105712Z # Subtest: fixed scheduler serializes declared conflict zones
2026-07-25T16:55:51.8105916Z ok 100 - fixed scheduler serializes declared conflict zones
2026-07-25T16:55:51.8105987Z   ---
2026-07-25T16:55:51.8106072Z   duration_ms: 2.460495
2026-07-25T16:55:51.8106154Z   type: 'test'
2026-07-25T16:55:51.8106229Z   ...
2026-07-25T16:55:51.8106477Z # Subtest: fixed scheduler releases dependencies after the handoff cost
2026-07-25T16:55:51.8106712Z ok 101 - fixed scheduler releases dependencies after the handoff cost
2026-07-25T16:55:51.8106786Z   ---
2026-07-25T16:55:51.8106867Z   duration_ms: 2.303452
2026-07-25T16:55:51.8106949Z   type: 'test'
2026-07-25T16:55:51.8107020Z   ...
2026-07-25T16:55:51.8107415Z # Subtest: above-limit goals use deterministic bounded structural candidates without an optimum claim
2026-07-25T16:55:51.8107784Z ok 102 - above-limit goals use deterministic bounded structural candidates without an optimum claim
2026-07-25T16:55:51.8107863Z   ---
2026-07-25T16:55:51.8107951Z   duration_ms: 12.624132
2026-07-25T16:55:51.8108029Z   type: 'test'
2026-07-25T16:55:51.8108105Z   ...
2026-07-25T16:55:51.8108463Z # Subtest: every supplied proposal remains inspectable beyond the retained-alternative window
2026-07-25T16:55:51.8108969Z ok 103 - every supplied proposal remains inspectable beyond the retained-alternative window
2026-07-25T16:55:51.8109050Z   ---
2026-07-25T16:55:51.8109138Z   duration_ms: 8.999112
2026-07-25T16:55:51.8109220Z   type: 'test'
2026-07-25T16:55:51.8109290Z   ...
2026-07-25T16:55:51.8109646Z # Subtest: logical array and object-key permutations produce byte-identical compiled semantics
2026-07-25T16:55:51.8109986Z ok 104 - logical array and object-key permutations produce byte-identical compiled semantics
2026-07-25T16:55:51.8110056Z   ---
2026-07-25T16:55:51.8110145Z   duration_ms: 20.079161
2026-07-25T16:55:51.8110351Z   type: 'test'
2026-07-25T16:55:51.8134163Z   ...
2026-07-25T16:55:51.8134613Z # Subtest: compiled values are deeply frozen and detached from mutable caller input
2026-07-25T16:55:51.8134911Z ok 105 - compiled values are deeply frozen and detached from mutable caller input
2026-07-25T16:55:51.8134995Z   ---
2026-07-25T16:55:51.8135088Z   duration_ms: 3.244559
2026-07-25T16:55:51.8135182Z   type: 'test'
2026-07-25T16:55:51.8135258Z   ...
2026-07-25T16:55:51.8135579Z # Subtest: reviewed assumptions and nonblocking decisions are digest-bound and rendered
2026-07-25T16:55:51.8135887Z ok 106 - reviewed assumptions and nonblocking decisions are digest-bound and rendered
2026-07-25T16:55:51.8135960Z   ---
2026-07-25T16:55:51.8136052Z   duration_ms: 8.230831
2026-07-25T16:55:51.8136134Z   type: 'test'
2026-07-25T16:55:51.8136210Z   ...
2026-07-25T16:55:51.8136483Z # Subtest: blocking unresolved decisions reject before team construction
2026-07-25T16:55:51.8136738Z ok 107 - blocking unresolved decisions reject before team construction
2026-07-25T16:55:51.8136822Z   ---
2026-07-25T16:55:51.8136911Z   duration_ms: 0.953284
2026-07-25T16:55:51.8136994Z   type: 'test'
2026-07-25T16:55:51.8137072Z   ...
2026-07-25T16:55:51.8137339Z # Subtest: selection reason reports the first decisive baseline comparison
2026-07-25T16:55:51.8137589Z ok 108 - selection reason reports the first decisive baseline comparison
2026-07-25T16:55:51.8137668Z   ---
2026-07-25T16:55:51.8137756Z   duration_ms: 6.307839
2026-07-25T16:55:51.8137833Z   type: 'test'
2026-07-25T16:55:51.8137909Z   ...
2026-07-25T16:55:51.8138198Z # Subtest: repository locators reject leading and nested dot or parent segments
2026-07-25T16:55:51.8138475Z ok 109 - repository locators reject leading and nested dot or parent segments
2026-07-25T16:55:51.8138549Z   ---
2026-07-25T16:55:51.8138630Z   duration_ms: 2.636896
2026-07-25T16:55:51.8138713Z   type: 'test'
2026-07-25T16:55:51.8138783Z   ...
2026-07-25T16:55:51.8139050Z # Subtest: repository locator paths cannot exceed their declared read scope
2026-07-25T16:55:51.8139306Z ok 110 - repository locator paths cannot exceed their declared read scope
2026-07-25T16:55:51.8139375Z   ---
2026-07-25T16:55:51.8139461Z   duration_ms: 2.669852
2026-07-25T16:55:51.8139541Z   type: 'test'
2026-07-25T16:55:51.8139611Z   ...
2026-07-25T16:55:51.8139967Z # Subtest: authority, context, and evidence violations reject before a launchable roster exists
2026-07-25T16:55:51.8140294Z ok 111 - authority, context, and evidence violations reject before a launchable roster exists
2026-07-25T16:55:51.8140370Z   ---
2026-07-25T16:55:51.8140455Z   duration_ms: 6.739313
2026-07-25T16:55:51.8140536Z   type: 'test'
2026-07-25T16:55:51.8140610Z   ...
2026-07-25T16:55:51.8140910Z # Subtest: goal dependency cycles and partition-induced agent cycles are rejected
2026-07-25T16:55:51.8141186Z ok 112 - goal dependency cycles and partition-induced agent cycles are rejected
2026-07-25T16:55:51.8141258Z   ---
2026-07-25T16:55:51.8141344Z   duration_ms: 4.658337
2026-07-25T16:55:51.8141431Z   type: 'test'
2026-07-25T16:55:51.8141504Z   ...
2026-07-25T16:55:51.8141913Z # Subtest: generic role and provider/runtime extensions fail closed while exact ownership stays supply-free
2026-07-25T16:55:51.8142295Z ok 113 - generic role and provider/runtime extensions fail closed while exact ownership stays supply-free
2026-07-25T16:55:51.8142372Z   ---
2026-07-25T16:55:51.8142762Z   duration_ms: 3.789152
2026-07-25T16:55:51.8142848Z   type: 'test'
2026-07-25T16:55:51.8142923Z   ...
2026-07-25T16:55:51.8143154Z # Subtest: C1 controls fail closed before diagnostics or rendering
2026-07-25T16:55:51.8143383Z ok 114 - C1 controls fail closed before diagnostics or rendering
2026-07-25T16:55:51.8143456Z   ---
2026-07-25T16:55:51.8143546Z   duration_ms: 8.780112
2026-07-25T16:55:51.8143628Z   type: 'test'
2026-07-25T16:55:51.8143701Z   ...
2026-07-25T16:55:51.8174388Z # Subtest: Unicode bidi controls fail closed before diagnostics or rendering
2026-07-25T16:55:51.8174677Z ok 115 - Unicode bidi controls fail closed before diagnostics or rendering
2026-07-25T16:55:51.8174993Z   ---
2026-07-25T16:55:51.8175090Z   duration_ms: 22.591324
2026-07-25T16:55:51.8175176Z   type: 'test'
2026-07-25T16:55:51.8175251Z   ...
2026-07-25T16:55:51.8175523Z # Subtest: bounded UTF-8 measurement matches raw and JSON encoding boundaries
2026-07-25T16:55:51.8175782Z ok 116 - bounded UTF-8 measurement matches raw and JSON encoding boundaries
2026-07-25T16:55:51.8175854Z   ---
2026-07-25T16:55:51.8175942Z   duration_ms: 0.266408
2026-07-25T16:55:51.8176028Z   type: 'test'
2026-07-25T16:55:51.8176103Z   ...
2026-07-25T16:55:51.8176441Z # Subtest: secret-bearing unknown property keys stop at the parent before schema validation
2026-07-25T16:55:51.8176773Z ok 117 - secret-bearing unknown property keys stop at the parent before schema validation
2026-07-25T16:55:51.8176851Z   ---
2026-07-25T16:55:51.8176940Z   duration_ms: 0.884867
2026-07-25T16:55:51.8177021Z   type: 'test'
2026-07-25T16:55:51.8177092Z   ...
2026-07-25T16:55:51.8177409Z # Subtest: oversized compiler input rejects before serialization or UTF-8 buffer allocation
2026-07-25T16:55:51.8177724Z ok 118 - oversized compiler input rejects before serialization or UTF-8 buffer allocation
2026-07-25T16:55:51.8177801Z   ---
2026-07-25T16:55:51.8177954Z   duration_ms: 21.764384
2026-07-25T16:55:51.8178032Z   type: 'test'
2026-07-25T16:55:51.8178102Z   ...
2026-07-25T16:55:51.8178362Z # Subtest: secret-bearing input is rejected without echoing the secret
2026-07-25T16:55:51.8178595Z ok 119 - secret-bearing input is rejected without echoing the secret
2026-07-25T16:55:51.8178669Z   ---
2026-07-25T16:55:51.8178758Z   duration_ms: 1.079604
2026-07-25T16:55:51.8178833Z   type: 'test'
2026-07-25T16:55:51.8178909Z   ...
2026-07-25T16:55:51.8179177Z # Subtest: digest tampering fails verification and renderer reconstruction
2026-07-25T16:55:51.8179438Z ok 120 - digest tampering fails verification and renderer reconstruction
2026-07-25T16:55:51.8179519Z   ---
2026-07-25T16:55:51.8179612Z   duration_ms: 5.445916
2026-07-25T16:55:51.8179695Z   type: 'test'
2026-07-25T16:55:51.8179765Z   ...
2026-07-25T16:55:51.8180126Z # Subtest: renderer output is deterministic and binds paths, blueprints, bytes, and compilation
2026-07-25T16:55:51.8180460Z ok 121 - renderer output is deterministic and binds paths, blueprints, bytes, and compilation
2026-07-25T16:55:51.8180557Z   ---
2026-07-25T16:55:51.8180651Z   duration_ms: 115.566302
2026-07-25T16:55:51.8180725Z   type: 'test'
2026-07-25T16:55:51.8180798Z   ...
2026-07-25T16:55:51.8181103Z # Subtest: package verification rejects oversized content before UTF-8 buffer allocation
2026-07-25T16:55:51.8181401Z ok 122 - package verification rejects oversized content before UTF-8 buffer allocation
2026-07-25T16:55:51.8181472Z   ---
2026-07-25T16:55:51.8181562Z   duration_ms: 117.073624
2026-07-25T16:55:51.8181636Z   type: 'test'
2026-07-25T16:55:51.8181705Z   ...
2026-07-25T16:55:51.8182076Z # Subtest: trusted package verification succeeds and coordinated recomputation cannot reuse approval
2026-07-25T16:55:51.8182416Z ok 123 - trusted package verification succeeds and coordinated recomputation cannot reuse approval
2026-07-25T16:55:51.8182486Z   ---
2026-07-25T16:55:51.8182571Z   duration_ms: 45.233681
2026-07-25T16:55:51.8182646Z   type: 'test'
2026-07-25T16:55:51.8182721Z   ...
2026-07-25T16:55:51.8183242Z # Subtest: rendered manifest binds every emitted contract and integration file digest
2026-07-25T16:55:51.8183548Z ok 124 - rendered manifest binds every emitted contract and integration file digest
2026-07-25T16:55:51.8183622Z   ---
2026-07-25T16:55:51.8183703Z   duration_ms: 8.27942
2026-07-25T16:55:51.8183961Z   type: 'test'
2026-07-25T16:55:51.8184032Z   ...
2026-07-25T16:55:54.6417931Z # Subtest: first-run specialist example is deterministic, approval-bound, and read-only
2026-07-25T16:55:54.6425097Z ok 125 - first-run specialist example is deterministic, approval-bound, and read-only
2026-07-25T16:55:54.6425791Z   ---
2026-07-25T16:55:54.6426662Z   duration_ms: 773.501268
2026-07-25T16:55:54.6427040Z   type: 'test'
2026-07-25T16:55:54.6427371Z   ...
2026-07-25T16:55:54.6427978Z # Subtest: first-run specialist example rejects a stale source approval before compilation
2026-07-25T16:55:54.6428811Z ok 126 - first-run specialist example rejects a stale source approval before compilation
2026-07-25T16:55:54.6429377Z   ---
2026-07-25T16:55:54.6429720Z   duration_ms: 181.167274
2026-07-25T16:55:54.6430087Z   type: 'test'
2026-07-25T16:55:54.6430417Z   ...
2026-07-25T16:55:54.6430979Z # Subtest: first-run approval parsing is bounded, strict UTF-8, and duplicate-aware
2026-07-25T16:55:54.6431757Z ok 127 - first-run approval parsing is bounded, strict UTF-8, and duplicate-aware
2026-07-25T16:55:54.6432284Z   ---
2026-07-25T16:55:54.6432614Z   duration_ms: 403.329164
2026-07-25T16:55:54.6432976Z   type: 'test'
2026-07-25T16:55:54.6433310Z   ...
2026-07-25T16:55:54.6433977Z # Subtest: first-run approval objects reject unknown fields at every boundary
2026-07-25T16:55:54.6434672Z ok 128 - first-run approval objects reject unknown fields at every boundary
2026-07-25T16:55:54.6435166Z   ---
2026-07-25T16:55:54.6436908Z   duration_ms: 500.152826
2026-07-25T16:55:54.6439626Z   type: 'test'
2026-07-25T16:55:54.6439979Z   ...
2026-07-25T16:55:54.6451657Z # Subtest: first-run source paths reject unsafe, non-scalar, and secret-bearing forms before I/O
2026-07-25T16:55:54.6452393Z ok 129 - first-run source paths reject unsafe, non-scalar, and secret-bearing forms before I/O
2026-07-25T16:55:54.6452804Z   ---
2026-07-25T16:55:54.6452998Z   duration_ms: 1680.235124
2026-07-25T16:55:54.6453214Z   type: 'test'
2026-07-25T16:55:54.6453395Z   ...
2026-07-25T16:55:54.6466787Z # Subtest: first-run source reads reject directories and external junction targets
2026-07-25T16:55:54.6467571Z ok 130 - first-run source reads reject directories and external junction targets
2026-07-25T16:55:54.6468086Z   ---
2026-07-25T16:55:54.6468436Z   duration_ms: 220.365579
2026-07-25T16:55:54.6468798Z   type: 'test'
2026-07-25T16:55:54.6469106Z   ...
2026-07-25T16:55:54.6469645Z # Subtest: first-run rejects secret-bearing approval paths without echoing them
2026-07-25T16:55:54.6470373Z ok 131 - first-run rejects secret-bearing approval paths without echoing them
2026-07-25T16:55:54.6470875Z   ---
2026-07-25T16:55:54.6471186Z   duration_ms: 98.525832
2026-07-25T16:55:54.6471529Z   type: 'test'
2026-07-25T16:55:54.6471844Z   ...
2026-07-25T16:55:54.6641547Z # Subtest: raw specialist handoffs verify exact package, blueprint, evidence, and artifact bindings
2026-07-25T16:55:54.6675679Z ok 132 - raw specialist handoffs verify exact package, blueprint, evidence, and artifact bindings
2026-07-25T16:55:54.6678202Z   ---
2026-07-25T16:55:54.6764696Z   duration_ms: 298.467001
2026-07-25T16:55:54.6794462Z   type: 'test'
2026-07-25T16:55:54.6854976Z   ...
2026-07-25T16:55:54.6856064Z # Subtest: handoff verification fails closed on stale identity, incomplete evidence, malformed JSON, and secrets
2026-07-25T16:55:54.6914086Z ok 133 - handoff verification fails closed on stale identity, incomplete evidence, malformed JSON, and secrets
2026-07-25T16:55:54.6918130Z   ---
2026-07-25T16:55:54.6918521Z   duration_ms: 99.152335
2026-07-25T16:55:54.6971351Z   type: 'test'
2026-07-25T16:55:54.6971874Z   ...
2026-07-25T16:55:54.6995262Z # Subtest: handoff verification binds artifact media types and permits only normalized LF controls
2026-07-25T16:55:54.7029174Z ok 134 - handoff verification binds artifact media types and permits only normalized LF controls
2026-07-25T16:55:54.7068454Z   ---
2026-07-25T16:55:54.7094337Z   duration_ms: 71.714021
2026-07-25T16:55:54.7094818Z   type: 'test'
2026-07-25T16:55:54.7124206Z   ...
2026-07-25T16:55:54.7154582Z # Subtest: fan-in is ready only for one PASS handoff from every exact transitive dependency
2026-07-25T16:55:54.7157251Z ok 135 - fan-in is ready only for one PASS handoff from every exact transitive dependency
2026-07-25T16:55:54.7181437Z   ---
2026-07-25T16:55:54.7204183Z   duration_ms: 69.280381
2026-07-25T16:55:54.7234832Z   type: 'test'
2026-07-25T16:55:54.7264148Z   ...
2026-07-25T16:55:54.7264836Z # Subtest: fan-in rejects valid handoffs from agents outside the target dependency closure
2026-07-25T16:55:54.7294489Z ok 136 - fan-in rejects valid handoffs from agents outside the target dependency closure
2026-07-25T16:55:54.7300818Z   ---
2026-07-25T16:55:54.7324188Z   duration_ms: 28.204368
2026-07-25T16:55:54.7324444Z   type: 'test'
2026-07-25T16:55:54.7374308Z   ...
2026-07-25T16:55:54.7404665Z # Subtest: handoff byte boundaries reject proxies and accessors without invoking caller code
2026-07-25T16:55:54.7434593Z ok 137 - handoff byte boundaries reject proxies and accessors without invoking caller code
2026-07-25T16:55:54.7437017Z   ---
2026-07-25T16:55:54.7437415Z   duration_ms: 19.415992
2026-07-25T16:55:54.7437796Z   type: 'test'
2026-07-25T16:55:54.7438111Z   ...
2026-07-25T16:55:54.7438650Z # Subtest: raw handoff and run input boundaries reject one-unit excess without truncation
2026-07-25T16:55:54.7439404Z ok 138 - raw handoff and run input boundaries reject one-unit excess without truncation
2026-07-25T16:55:54.7439899Z   ---
2026-07-25T16:55:54.7440190Z   duration_ms: 1028.177289
2026-07-25T16:55:54.7440511Z   type: 'test'
2026-07-25T16:55:54.7440799Z   ...
2026-07-25T16:55:54.7441304Z # Subtest: decoded handoff overflow is SC4402 while malformed base64 remains SC4401
2026-07-25T16:55:54.7441998Z ok 139 - decoded handoff overflow is SC4402 while malformed base64 remains SC4401
2026-07-25T16:55:54.7442455Z   ---
2026-07-25T16:55:54.7442740Z   duration_ms: 454.323089
2026-07-25T16:55:54.7443054Z   type: 'test'
2026-07-25T16:55:54.7443345Z   ...
2026-07-25T16:55:54.7443961Z # Subtest: bundled specialist schemas have exact source parity
2026-07-25T16:55:54.7444518Z ok 140 - bundled specialist schemas have exact source parity
2026-07-25T16:55:54.7444923Z   ---
2026-07-25T16:55:54.7445213Z   duration_ms: 5.68408
2026-07-25T16:55:54.7445525Z   type: 'test'
2026-07-25T16:55:54.7445818Z   ...
2026-07-25T16:55:54.7446313Z # Subtest: create, restore, inspect, and record perform no first-use filesystem reads
2026-07-25T16:55:54.7446999Z ok 141 - create, restore, inspect, and record perform no first-use filesystem reads
2026-07-25T16:55:54.7447465Z   ---
2026-07-25T16:55:54.7447751Z   duration_ms: 1732.373002
2026-07-25T16:55:54.7448069Z   type: 'test'
2026-07-25T16:55:54.7448357Z   ...
2026-07-25T16:55:58.2195026Z # Subtest: inspection derives manifest contracts, DAG statuses, evidence, and complete-roster readiness
2026-07-25T16:55:58.2200269Z ok 142 - inspection derives manifest contracts, DAG statuses, evidence, and complete-roster readiness
2026-07-25T16:55:58.2200926Z   ---
2026-07-25T16:55:58.2201255Z   duration_ms: 3263.262997
2026-07-25T16:55:58.2201601Z   type: 'test'
2026-07-25T16:55:58.2201897Z   ...
2026-07-25T16:55:58.2202487Z # Subtest: inspection closes every non-pass route and marks all unsettled work session-routed
2026-07-25T16:55:58.2203318Z ok 143 - inspection closes every non-pass route and marks all unsettled work session-routed
2026-07-25T16:55:58.2204053Z   ---
2026-07-25T16:55:58.2205216Z   duration_ms: 1891.332014
2026-07-25T16:55:58.2205745Z   type: 'test'
2026-07-25T16:55:58.2206059Z   ...
2026-07-25T16:56:29.7670617Z # Subtest: the 16-agent maximum-handoff aggregate converges below conservative run safeguards
2026-07-25T16:56:29.7671838Z ok 144 - the 16-agent maximum-handoff aggregate converges below conservative run safeguards
2026-07-25T16:56:29.7672129Z   ---
2026-07-25T16:56:29.7672263Z   duration_ms: 35428.924803
2026-07-25T16:56:29.7672409Z   type: 'test'
2026-07-25T16:56:29.7672524Z   ...
2026-07-25T16:56:29.7959567Z # Subtest: public run constants, operations, schema export, and V11 compatibility are exact
2026-07-25T16:56:29.7960308Z ok 145 - public run constants, operations, schema export, and V11 compatibility are exact
2026-07-25T16:56:29.7972815Z   ---
2026-07-25T16:56:29.7973042Z   duration_ms: 2.285452
2026-07-25T16:56:29.7973304Z   type: 'test'
2026-07-25T16:56:29.7974605Z   ...
2026-07-25T16:56:29.7975035Z # Subtest: the strict schema accepts both canonical roots and closes every nested object
2026-07-25T16:56:29.7975618Z ok 146 - the strict schema accepts both canonical roots and closes every nested object
2026-07-25T16:56:29.7975976Z   ---
2026-07-25T16:56:29.7976153Z   duration_ms: 8.911731
2026-07-25T16:56:29.7976352Z   type: 'test'
2026-07-25T16:56:29.7976538Z   ...
2026-07-25T16:56:29.7976862Z # Subtest: schema boundaries and every workflow route remain exact
2026-07-25T16:56:29.7977312Z ok 147 - schema boundaries and every workflow route remain exact
2026-07-25T16:56:29.7977606Z   ---
2026-07-25T16:56:29.7977776Z   duration_ms: 38.45135
2026-07-25T16:56:29.7977974Z   type: 'test'
2026-07-25T16:56:29.7978143Z   ...
2026-07-25T16:56:29.7978536Z # Subtest: recording is monotonic, dependency-gated, replay-safe, and source-preserving
2026-07-25T16:56:29.7979127Z ok 148 - recording is monotonic, dependency-gated, replay-safe, and source-preserving
2026-07-25T16:56:29.7979494Z   ---
2026-07-25T16:56:29.7979665Z   duration_ms: 422.603763
2026-07-25T16:56:29.7979867Z   type: 'test'
2026-07-25T16:56:29.7980034Z   ...
2026-07-25T16:56:29.7980415Z # Subtest: every verified non-pass outcome records once and terminally routes later work
2026-07-25T16:56:29.7980991Z ok 149 - every verified non-pass outcome records once and terminally routes later work
2026-07-25T16:56:29.7981345Z   ---
2026-07-25T16:56:29.7981510Z   duration_ms: 487.288797
2026-07-25T16:56:29.7981704Z   type: 'test'
2026-07-25T16:56:29.7981870Z   ...
2026-07-25T16:56:29.7982290Z # Subtest: recording applies validation and handoff diagnostic precedence without caller mutation
2026-07-25T16:56:29.7982976Z ok 150 - recording applies validation and handoff diagnostic precedence without caller mutation
2026-07-25T16:56:29.7983361Z   ---
2026-07-25T16:56:29.7983530Z   duration_ms: 38.247213
2026-07-25T16:56:29.7983884Z   type: 'test'
2026-07-25T16:56:29.7984052Z   ...
2026-07-25T16:56:29.7984455Z # Subtest: root, chain, diamond, fan-out, fan-in, disconnected, and complete DAGs agree with V11
2026-07-25T16:56:29.7985071Z ok 151 - root, chain, diamond, fan-out, fan-in, disconnected, and complete DAGs agree with V11
2026-07-25T16:56:29.7985433Z   ---
2026-07-25T16:56:29.7985603Z   duration_ms: 4664.878373
2026-07-25T16:56:29.7985771Z   type: 'test'
2026-07-25T16:56:29.7985950Z   ...
2026-07-25T16:56:29.7986367Z # Subtest: all valid independent arrival permutations converge to one session and inspection
2026-07-25T16:56:29.7986752Z ok 152 - all valid independent arrival permutations converge to one session and inspection
2026-07-25T16:56:29.7987126Z   ---
2026-07-25T16:56:29.7987301Z   duration_ms: 4662.240659
2026-07-25T16:56:29.7987475Z   type: 'test'
2026-07-25T16:56:29.7987616Z   ...
2026-07-25T16:56:29.7987924Z # Subtest: fresh-process restore and inspection preserve canonical semantics without host state
2026-07-25T16:56:29.7988324Z ok 153 - fresh-process restore and inspection preserve canonical semantics without host state
2026-07-25T16:56:29.7988737Z   ---
2026-07-25T16:56:29.7988908Z   duration_ms: 398.983287
2026-07-25T16:56:29.7989104Z   type: 'test'
2026-07-25T16:56:29.7989267Z   ...
2026-07-25T16:56:29.7989661Z # Subtest: restore, expectation, caller-code, and coordinated-substitution attacks fail closed
2026-07-25T16:56:29.7990231Z ok 154 - restore, expectation, caller-code, and coordinated-substitution attacks fail closed
2026-07-25T16:56:29.7990466Z   ---
2026-07-25T16:56:29.7990573Z   duration_ms: 70.104901
2026-07-25T16:56:29.7990700Z   type: 'test'
2026-07-25T16:56:29.7990809Z   ...
2026-07-25T16:56:29.7991058Z # Subtest: handoff attacks, transition precedence, replay, and every non-pass route are closed
2026-07-25T16:56:29.7991439Z ok 155 - handoff attacks, transition precedence, replay, and every non-pass route are closed
2026-07-25T16:56:29.7991672Z   ---
2026-07-25T16:56:29.7991778Z   duration_ms: 700.656511
2026-07-25T16:56:29.7991904Z   type: 'test'
2026-07-25T16:56:29.7992011Z   ...
2026-07-25T16:56:29.7992345Z # Subtest: the specialist schemas and every definition compile in strict Ajv 2020 mode
2026-07-25T16:56:29.7992692Z ok 156 - the specialist schemas and every definition compile in strict Ajv 2020 mode
2026-07-25T16:56:29.7992910Z   ---
2026-07-25T16:56:29.7993016Z   duration_ms: 161.074166
2026-07-25T16:56:29.7993142Z   type: 'test'
2026-07-25T16:56:29.7993249Z   ...
2026-07-25T16:56:29.7993468Z # Subtest: the specialist schema accepts its two canonical closed input kinds
2026-07-25T16:56:29.7993946Z ok 157 - the specialist schema accepts its two canonical closed input kinds
2026-07-25T16:56:29.7994262Z   ---
2026-07-25T16:56:29.7994431Z   duration_ms: 62.333427
2026-07-25T16:56:29.7994633Z   type: 'test'
2026-07-25T16:56:29.7994798Z   ...
2026-07-25T16:56:29.7995135Z # Subtest: the handoff schema accepts every canonical outcome and remains closed
2026-07-25T16:56:29.7995459Z ok 158 - the handoff schema accepts every canonical outcome and remains closed
2026-07-25T16:56:29.7995665Z   ---
2026-07-25T16:56:29.7995776Z   duration_ms: 47.310943
2026-07-25T16:56:29.7995903Z   type: 'test'
2026-07-25T16:56:29.7996013Z   ...
2026-07-25T16:56:29.7996256Z # Subtest: every concrete specialist input object boundary rejects provider-shaped fields
2026-07-25T16:56:29.7996626Z ok 159 - every concrete specialist input object boundary rejects provider-shaped fields
2026-07-25T16:56:29.7996855Z   ---
2026-07-25T16:56:29.7996968Z   duration_ms: 44.145879
2026-07-25T16:56:29.7997095Z   type: 'test'
2026-07-25T16:56:29.7997204Z   ...
2026-07-25T16:56:29.7997445Z # Subtest: role and runtime supply cannot enter goal, request, work, or proposal contracts
2026-07-25T16:56:29.7997804Z ok 160 - role and runtime supply cannot enter goal, request, work, or proposal contracts
2026-07-25T16:56:29.7998028Z   ---
2026-07-25T16:56:29.7998135Z   duration_ms: 37.500312
2026-07-25T16:56:29.7998262Z   type: 'test'
2026-07-25T16:56:29.7998370Z   ...
2026-07-25T16:56:29.7998594Z # Subtest: repository context requires readScope and external context forbids it
2026-07-25T16:56:29.7998928Z ok 161 - repository context requires readScope and external context forbids it
2026-07-25T16:56:29.7999139Z   ---
2026-07-25T16:56:29.7999247Z   duration_ms: 55.984842
2026-07-25T16:56:29.7999372Z   type: 'test'
2026-07-25T16:56:29.7999482Z   ...
2026-07-25T16:56:29.7999680Z # Subtest: permission kinds are the exact provider-neutral schema set
2026-07-25T16:56:29.7999974Z ok 162 - permission kinds are the exact provider-neutral schema set
2026-07-25T16:56:29.8000167Z   ---
2026-07-25T16:56:29.8000273Z   duration_ms: 37.803248
2026-07-25T16:56:29.8000399Z   type: 'test'
2026-07-25T16:56:29.8000508Z   ...
2026-07-25T16:56:29.8000716Z # Subtest: specialist references stay inside package-owned v1alpha1 schemas
2026-07-25T16:56:29.8001023Z ok 163 - specialist references stay inside package-owned v1alpha1 schemas
2026-07-25T16:56:29.8001225Z   ---
2026-07-25T16:56:29.8001332Z   duration_ms: 14.631304
2026-07-25T16:56:29.8001458Z   type: 'test'
2026-07-25T16:56:29.8001572Z   ...
2026-07-25T16:56:29.8001799Z # Subtest: TypeScript ESM output loads with the approved production dependencies
2026-07-25T16:56:29.8002128Z ok 164 - TypeScript ESM output loads with the approved production dependencies
2026-07-25T16:56:29.8002338Z   ---
2026-07-25T16:56:29.8002444Z   duration_ms: 53.111326
2026-07-25T16:56:29.8002573Z   type: 'test'
2026-07-25T16:56:29.8002682Z   ...
2026-07-25T16:56:29.8003076Z # Subtest: inspection reconstructs interleaved runs, parallel attempts, retries, outcomes, and evidence
2026-07-25T16:56:29.8003501Z ok 165 - inspection reconstructs interleaved runs, parallel attempts, retries, outcomes, and evidence
2026-07-25T16:56:29.8003894Z   ---
2026-07-25T16:56:29.8004056Z   duration_ms: 161.975315
2026-07-25T16:56:29.8004185Z   type: 'test'
2026-07-25T16:56:29.8004364Z   ...
2026-07-25T16:56:29.8004728Z # Subtest: [T12] zero-event terminators are accepted once and rejected when repeated
2026-07-25T16:56:29.8005097Z     # Subtest: empty-file
2026-07-25T16:56:29.8005425Z     ok 1 - empty-file
2026-07-25T16:56:29.8005619Z       ---
2026-07-25T16:56:29.8005798Z       duration_ms: 1.202125
2026-07-25T16:56:29.8006008Z       type: 'test'
2026-07-25T16:56:29.8006190Z       ...
2026-07-25T16:56:29.8006389Z     # Subtest: single-final-lf
2026-07-25T16:56:29.8006614Z     ok 2 - single-final-lf
2026-07-25T16:56:29.8006812Z       ---
2026-07-25T16:56:29.8006990Z       duration_ms: 0.786205
2026-07-25T16:56:29.8007194Z       type: 'test'
2026-07-25T16:56:29.8007372Z       ...
2026-07-25T16:56:29.8007572Z     # Subtest: single-final-crlf
2026-07-25T16:56:29.8007805Z     ok 3 - single-final-crlf
2026-07-25T16:56:29.8008012Z       ---
2026-07-25T16:56:29.8008185Z       duration_ms: 0.734021
2026-07-25T16:56:29.8008387Z       type: 'test'
2026-07-25T16:56:29.8008560Z       ...
2026-07-25T16:56:29.8008756Z     # Subtest: repeated-final-lf
2026-07-25T16:56:29.8008988Z     ok 4 - repeated-final-lf
2026-07-25T16:56:29.8009197Z       ---
2026-07-25T16:56:29.8009370Z       duration_ms: 1.01548
2026-07-25T16:56:29.8009577Z       type: 'test'
2026-07-25T16:56:29.8009751Z       ...
2026-07-25T16:56:29.8009955Z     # Subtest: repeated-final-crlf
2026-07-25T16:56:29.8010212Z     ok 5 - repeated-final-crlf
2026-07-25T16:56:29.8010424Z       ---
2026-07-25T16:56:29.8010598Z       duration_ms: 1.187474
2026-07-25T16:56:29.8010802Z       type: 'test'
2026-07-25T16:56:29.8010977Z       ...
2026-07-25T16:56:29.8011143Z     1..5
2026-07-25T16:56:29.8011503Z ok 166 - [T12] zero-event terminators are accepted once and rejected when repeated
2026-07-25T16:56:29.8011846Z   ---
2026-07-25T16:56:29.8012017Z   duration_ms: 5.792756
2026-07-25T16:56:29.8012212Z   type: 'test'
2026-07-25T16:56:29.8012382Z   ...
2026-07-25T16:56:29.8012774Z # Subtest: logical order accepts valid same-run backward causation and ignores timestamps
2026-07-25T16:56:29.8013377Z ok 167 - logical order accepts valid same-run backward causation and ignores timestamps
2026-07-25T16:56:29.8013661Z   ---
2026-07-25T16:56:29.8013926Z   duration_ms: 1.026436
2026-07-25T16:56:29.8014132Z   type: 'test'
2026-07-25T16:56:29.8014243Z   ...
2026-07-25T16:56:29.8014463Z # Subtest: sequence, event identity, and causation diagnostics are deterministic
2026-07-25T16:56:29.8014703Z     # Subtest: duplicate sequence
2026-07-25T16:56:29.8014855Z     ok 1 - duplicate sequence
2026-07-25T16:56:29.8014990Z       ---
2026-07-25T16:56:29.8015110Z       duration_ms: 1.09287
2026-07-25T16:56:29.8015242Z       type: 'test'
2026-07-25T16:56:29.8015355Z       ...
2026-07-25T16:56:29.8015480Z     # Subtest: regressing sequence
2026-07-25T16:56:29.8015638Z     ok 2 - regressing sequence
2026-07-25T16:56:29.8015770Z       ---
2026-07-25T16:56:29.8015880Z       duration_ms: 0.898285
2026-07-25T16:56:29.8016010Z       type: 'test'
2026-07-25T16:56:29.8016122Z       ...
2026-07-25T16:56:29.8016247Z     # Subtest: duplicate event id
2026-07-25T16:56:29.8016397Z     ok 3 - duplicate event id
2026-07-25T16:56:29.8016529Z       ---
2026-07-25T16:56:29.8016639Z       duration_ms: 0.691511
2026-07-25T16:56:29.8016771Z       type: 'test'
2026-07-25T16:56:29.8016882Z       ...
2026-07-25T16:56:29.8016994Z     # Subtest: missing cause
2026-07-25T16:56:29.8017132Z     ok 4 - missing cause
2026-07-25T16:56:29.8017260Z       ---
2026-07-25T16:56:29.8017369Z       duration_ms: 0.617526
2026-07-25T16:56:29.8017498Z       type: 'test'
2026-07-25T16:56:29.8017609Z       ...
2026-07-25T16:56:29.8017837Z     # Subtest: forward cause
2026-07-25T16:56:29.8017977Z     ok 5 - forward cause
2026-07-25T16:56:29.8018102Z       ---
2026-07-25T16:56:29.8018211Z       duration_ms: 0.608073
2026-07-25T16:56:29.8018339Z       type: 'test'
2026-07-25T16:56:29.8018451Z       ...
2026-07-25T16:56:29.8018572Z     # Subtest: cross-run cause
2026-07-25T16:56:29.8018711Z     ok 6 - cross-run cause
2026-07-25T16:56:29.8018838Z       ---
2026-07-25T16:56:29.8018946Z       duration_ms: 0.568867
2026-07-25T16:56:29.8019073Z       type: 'test'
2026-07-25T16:56:29.8019188Z       ...
2026-07-25T16:56:29.8019453Z     1..6
2026-07-25T16:56:29.8019670Z ok 168 - sequence, event identity, and causation diagnostics are deterministic
2026-07-25T16:56:29.8019883Z   ---
2026-07-25T16:56:29.8019992Z   duration_ms: 5.267481
2026-07-25T16:56:29.8020119Z   type: 'test'
2026-07-25T16:56:29.8020228Z   ...
2026-07-25T16:56:29.8020401Z # Subtest: [T14] every legal attempt transition is accepted
2026-07-25T16:56:29.8020611Z     # Subtest: queued-to-running
2026-07-25T16:56:29.8020759Z     ok 1 - queued-to-running
2026-07-25T16:56:29.8020890Z       ---
2026-07-25T16:56:29.8021001Z       duration_ms: 0.957529
2026-07-25T16:56:29.8021162Z       type: 'test'
2026-07-25T16:56:29.8021344Z       ...
2026-07-25T16:56:29.8021502Z     # Subtest: queued-to-cancelled
2026-07-25T16:56:29.8021737Z     ok 2 - queued-to-cancelled
2026-07-25T16:56:29.8021958Z       ---
2026-07-25T16:56:29.8022115Z       duration_ms: 0.856295
2026-07-25T16:56:29.8022288Z       type: 'test'
2026-07-25T16:56:29.8022472Z       ...
2026-07-25T16:56:29.8022664Z     # Subtest: running-to-input_required
2026-07-25T16:56:29.8022925Z     ok 3 - running-to-input_required
2026-07-25T16:56:29.8023179Z       ---
2026-07-25T16:56:29.8023353Z       duration_ms: 0.702787
2026-07-25T16:56:29.8023583Z       type: 'test'
2026-07-25T16:56:29.8023807Z       ...
2026-07-25T16:56:29.8023975Z     # Subtest: running-to-completed
2026-07-25T16:56:29.8024270Z     ok 4 - running-to-completed
2026-07-25T16:56:29.8024462Z       ---
2026-07-25T16:56:29.8024680Z       duration_ms: 0.679033
2026-07-25T16:56:29.8024872Z       type: 'test'
2026-07-25T16:56:29.8024988Z       ...
2026-07-25T16:56:29.8025179Z     # Subtest: running-to-failed
2026-07-25T16:56:29.8025439Z     ok 5 - running-to-failed
2026-07-25T16:56:29.8025623Z       ---
2026-07-25T16:56:29.8025762Z       duration_ms: 0.666776
2026-07-25T16:56:29.8025996Z       type: 'test'
2026-07-25T16:56:29.8026148Z       ...
2026-07-25T16:56:29.8026309Z     # Subtest: running-to-cancelled
2026-07-25T16:56:29.8026598Z     ok 6 - running-to-cancelled
2026-07-25T16:56:29.8026777Z       ---
2026-07-25T16:56:29.8026950Z       duration_ms: 0.700924
2026-07-25T16:56:29.8027186Z       type: 'test'
2026-07-25T16:56:29.8027303Z       ...
2026-07-25T16:56:29.8027541Z     # Subtest: running-to-timed_out
2026-07-25T16:56:29.8027798Z     ok 7 - running-to-timed_out
2026-07-25T16:56:29.8027933Z       ---
2026-07-25T16:56:29.8028042Z       duration_ms: 0.646067
2026-07-25T16:56:29.8028176Z       type: 'test'
2026-07-25T16:56:29.8028289Z       ...
2026-07-25T16:56:29.8028423Z     # Subtest: input_required-to-running
2026-07-25T16:56:29.8028599Z     ok 8 - input_required-to-running
2026-07-25T16:56:29.8028742Z       ---
2026-07-25T16:56:29.8028853Z       duration_ms: 3.20092
2026-07-25T16:56:29.8028984Z       type: 'test'
2026-07-25T16:56:29.8029096Z       ...
2026-07-25T16:56:29.8029227Z     # Subtest: input_required-to-cancelled
2026-07-25T16:56:29.8029407Z     ok 9 - input_required-to-cancelled
2026-07-25T16:56:29.8029553Z       ---
2026-07-25T16:56:29.8029661Z       duration_ms: 0.677731
2026-07-25T16:56:29.8029798Z       type: 'test'
2026-07-25T16:56:29.8029909Z       ...
2026-07-25T16:56:29.8030041Z     # Subtest: input_required-to-timed_out
2026-07-25T16:56:29.8030216Z     ok 10 - input_required-to-timed_out
2026-07-25T16:56:29.8030364Z       ---
2026-07-25T16:56:29.8030473Z       duration_ms: 0.672735
2026-07-25T16:56:29.8030603Z       type: 'test'
2026-07-25T16:56:29.8030832Z       ...
2026-07-25T16:56:29.8030935Z     1..10
2026-07-25T16:56:29.8031106Z ok 169 - [T14] every legal attempt transition is accepted
2026-07-25T16:56:29.8031350Z   ---
2026-07-25T16:56:29.8031524Z   duration_ms: 10.410717
2026-07-25T16:56:29.8031696Z   type: 'test'
2026-07-25T16:56:29.8031873Z   ...
2026-07-25T16:56:29.8032185Z # Subtest: [T04] every disallowed non-terminal transition is rejected
2026-07-25T16:56:29.8032531Z     # Subtest: queued-to-queued
2026-07-25T16:56:29.8032716Z     ok 1 - queued-to-queued
2026-07-25T16:56:29.8032845Z       ---
2026-07-25T16:56:29.8032957Z       duration_ms: 0.707664
2026-07-25T16:56:29.8033190Z       type: 'test'
2026-07-25T16:56:29.8033302Z       ...
2026-07-25T16:56:29.8033432Z     # Subtest: queued-to-input_required
2026-07-25T16:56:29.8033604Z     ok 2 - queued-to-input_required
2026-07-25T16:56:29.8033879Z       ---
2026-07-25T16:56:29.8034002Z       duration_ms: 0.590738
2026-07-25T16:56:29.8034130Z       type: 'test'
2026-07-25T16:56:29.8034243Z       ...
2026-07-25T16:56:29.8034376Z     # Subtest: queued-to-completed
2026-07-25T16:56:29.8034539Z     ok 3 - queued-to-completed
2026-07-25T16:56:29.8034672Z       ---
2026-07-25T16:56:29.8034785Z       duration_ms: 0.581304
2026-07-25T16:56:29.8034916Z       type: 'test'
2026-07-25T16:56:29.8035027Z       ...
2026-07-25T16:56:29.8035149Z     # Subtest: queued-to-failed
2026-07-25T16:56:29.8035291Z     ok 4 - queued-to-failed
2026-07-25T16:56:29.8035419Z       ---
2026-07-25T16:56:29.8035529Z       duration_ms: 0.8988
2026-07-25T16:56:29.8035657Z       type: 'test'
2026-07-25T16:56:29.8035770Z       ...
2026-07-25T16:56:29.8035902Z     # Subtest: queued-to-timed_out
2026-07-25T16:56:29.8036062Z     ok 5 - queued-to-timed_out
2026-07-25T16:56:29.8036196Z       ---
2026-07-25T16:56:29.8036306Z       duration_ms: 0.86014
2026-07-25T16:56:29.8036436Z       type: 'test'
2026-07-25T16:56:29.8036549Z       ...
2026-07-25T16:56:29.8036673Z     # Subtest: running-to-queued
2026-07-25T16:56:29.8036827Z     ok 6 - running-to-queued
2026-07-25T16:56:29.8036959Z       ---
2026-07-25T16:56:29.8037070Z       duration_ms: 0.888821
2026-07-25T16:56:29.8037198Z       type: 'test'
2026-07-25T16:56:29.8037309Z       ...
2026-07-25T16:56:29.8037435Z     # Subtest: running-to-running
2026-07-25T16:56:29.8037587Z     ok 7 - running-to-running
2026-07-25T16:56:29.8037719Z       ---
2026-07-25T16:56:29.8037828Z       duration_ms: 0.903401
2026-07-25T16:56:29.8037955Z       type: 'test'
2026-07-25T16:56:29.8038068Z       ...
2026-07-25T16:56:29.8038197Z     # Subtest: input_required-to-queued
2026-07-25T16:56:29.8038368Z     ok 8 - input_required-to-queued
2026-07-25T16:56:29.8038513Z       ---
2026-07-25T16:56:29.8038623Z       duration_ms: 0.995993
2026-07-25T16:56:29.8038756Z       type: 'test'
2026-07-25T16:56:29.8038868Z       ...
2026-07-25T16:56:29.8039009Z     # Subtest: input_required-to-input_required
2026-07-25T16:56:29.8039201Z     ok 9 - input_required-to-input_required
2026-07-25T16:56:29.8039358Z       ---
2026-07-25T16:56:29.8039471Z       duration_ms: 1.122292
2026-07-25T16:56:29.8039602Z       type: 'test'
2026-07-25T16:56:29.8039713Z       ...
2026-07-25T16:56:29.8039845Z     # Subtest: input_required-to-completed
2026-07-25T16:56:29.8040021Z     ok 10 - input_required-to-completed
2026-07-25T16:56:29.8040168Z       ---
2026-07-25T16:56:29.8040278Z       duration_ms: 1.04349
2026-07-25T16:56:29.8040405Z       type: 'test'
2026-07-25T16:56:29.8040517Z       ...
2026-07-25T16:56:29.8040646Z     # Subtest: input_required-to-failed
2026-07-25T16:56:29.8040867Z     ok 11 - input_required-to-failed
2026-07-25T16:56:29.8041103Z       ---
2026-07-25T16:56:29.8041278Z       duration_ms: 1.00796
2026-07-25T16:56:29.8041486Z       type: 'test'
2026-07-25T16:56:29.8041666Z       ...
2026-07-25T16:56:29.8041830Z     1..11
2026-07-25T16:56:29.8042148Z ok 170 - [T04] every disallowed non-terminal transition is rejected
2026-07-25T16:56:29.8042468Z   ---
2026-07-25T16:56:29.8042649Z   duration_ms: 10.793165
2026-07-25T16:56:29.8043014Z   type: 'test'
2026-07-25T16:56:29.8043195Z   ...
2026-07-25T16:56:29.8043490Z # Subtest: [T05] every terminal attempt state is immutable
2026-07-25T16:56:29.8043926Z     # Subtest: completed
2026-07-25T16:56:29.8044141Z     ok 1 - completed
2026-07-25T16:56:29.8044335Z       ---
2026-07-25T16:56:29.8044523Z       duration_ms: 2.227109
2026-07-25T16:56:29.8044738Z       type: 'test'
2026-07-25T16:56:29.8044923Z       ...
2026-07-25T16:56:29.8045101Z     # Subtest: failed
2026-07-25T16:56:29.8045305Z     ok 2 - failed
2026-07-25T16:56:29.8045488Z       ---
2026-07-25T16:56:29.8045668Z       duration_ms: 0.717658
2026-07-25T16:56:29.8046018Z       type: 'test'
2026-07-25T16:56:29.8046203Z       ...
2026-07-25T16:56:29.8046384Z     # Subtest: cancelled
2026-07-25T16:56:29.8046590Z     ok 3 - cancelled
2026-07-25T16:56:29.8046782Z       ---
2026-07-25T16:56:29.8046963Z       duration_ms: 0.737816
2026-07-25T16:56:29.8047177Z       type: 'test'
2026-07-25T16:56:29.8047358Z       ...
2026-07-25T16:56:29.8047543Z     # Subtest: timed_out
2026-07-25T16:56:29.8047757Z     ok 4 - timed_out
2026-07-25T16:56:29.8047948Z       ---
2026-07-25T16:56:29.8048127Z       duration_ms: 0.780206
2026-07-25T16:56:29.8048340Z       type: 'test'
2026-07-25T16:56:29.8048525Z       ...
2026-07-25T16:56:29.8048695Z     1..4
2026-07-25T16:56:29.8048977Z ok 171 - [T05] every terminal attempt state is immutable
2026-07-25T16:56:29.8049263Z   ---
2026-07-25T16:56:29.8049450Z   duration_ms: 5.09723
2026-07-25T16:56:29.8049654Z   type: 'test'
2026-07-25T16:56:29.8049835Z   ...
2026-07-25T16:56:29.8050315Z # Subtest: heartbeat, cancellation request, and explicit timeout events are accepted in valid states
2026-07-25T16:56:29.8051040Z ok 172 - heartbeat, cancellation request, and explicit timeout events are accepted in valid states
2026-07-25T16:56:29.8051459Z   ---
2026-07-25T16:56:29.8051635Z   duration_ms: 2.676086
2026-07-25T16:56:29.8051843Z   type: 'test'
2026-07-25T16:56:29.8052095Z   ...
2026-07-25T16:56:29.8052535Z # Subtest: attempt transition and terminal-state violations use their dedicated diagnostics
2026-07-25T16:56:29.8053013Z     # Subtest: new non-retry must start queued
2026-07-25T16:56:29.8053327Z     ok 1 - new non-retry must start queued
2026-07-25T16:56:29.8053635Z       ---
2026-07-25T16:56:29.8053966Z       duration_ms: 0.791933
2026-07-25T16:56:29.8054178Z       type: 'test'
2026-07-25T16:56:29.8054361Z       ...
2026-07-25T16:56:29.8054585Z     # Subtest: queued cannot complete directly
2026-07-25T16:56:29.8054890Z     ok 2 - queued cannot complete directly
2026-07-25T16:56:29.8055140Z       ---
2026-07-25T16:56:29.8055318Z       duration_ms: 2.30471
2026-07-25T16:56:29.8055535Z       type: 'test'
2026-07-25T16:56:29.8055723Z       ...
2026-07-25T16:56:29.8055933Z     # Subtest: terminal state is immutable
2026-07-25T16:56:29.8056226Z     ok 3 - terminal state is immutable
2026-07-25T16:56:29.8056466Z       ---
2026-07-25T16:56:29.8056645Z       duration_ms: 0.886737
2026-07-25T16:56:29.8056861Z       type: 'test'
2026-07-25T16:56:29.8057049Z       ...
2026-07-25T16:56:29.8057261Z     # Subtest: heartbeat is state-gated
2026-07-25T16:56:29.8057543Z     ok 4 - heartbeat is state-gated
2026-07-25T16:56:29.8057772Z       ---
2026-07-25T16:56:29.8057950Z       duration_ms: 0.836717
2026-07-25T16:56:29.8058159Z       type: 'test'
2026-07-25T16:56:29.8058339Z       ...
2026-07-25T16:56:29.8058505Z     1..4
2026-07-25T16:56:29.8058926Z ok 173 - attempt transition and terminal-state violations use their dedicated diagnostics
2026-07-25T16:56:29.8059327Z   ---
2026-07-25T16:56:29.8059506Z   duration_ms: 5.283875
2026-07-25T16:56:29.8059714Z   type: 'test'
2026-07-25T16:56:29.8059892Z   ...
2026-07-25T16:56:29.8060217Z # Subtest: [T07] heartbeat and cancellation requests are state-gated
2026-07-25T16:56:29.8060552Z     # Subtest: heartbeat
2026-07-25T16:56:29.8060763Z     ok 1 - heartbeat
2026-07-25T16:56:29.8060954Z       ---
2026-07-25T16:56:29.8061133Z       duration_ms: 1.474151
2026-07-25T16:56:29.8061346Z       type: 'test'
2026-07-25T16:56:29.8061726Z       ...
2026-07-25T16:56:29.8061938Z     # Subtest: cancellation-request
2026-07-25T16:56:29.8062204Z     ok 2 - cancellation-request
2026-07-25T16:56:29.8062423Z       ---
2026-07-25T16:56:29.8062601Z       duration_ms: 1.324048
2026-07-25T16:56:29.8062821Z       type: 'test'
2026-07-25T16:56:29.8063007Z       ...
2026-07-25T16:56:29.8063173Z     1..2
2026-07-25T16:56:29.8063489Z ok 174 - [T07] heartbeat and cancellation requests are state-gated
2026-07-25T16:56:29.8063984Z   ---
2026-07-25T16:56:29.8064155Z   duration_ms: 3.124222
2026-07-25T16:56:29.8064360Z   type: 'test'
2026-07-25T16:56:29.8064688Z   ...
2026-07-25T16:56:29.8065079Z # Subtest: [T10] every attempt-bearing non-state event requires an earlier attempt
2026-07-25T16:56:29.8065465Z     # Subtest: heartbeat
2026-07-25T16:56:29.8065681Z     ok 1 - heartbeat
2026-07-25T16:56:29.8065872Z       ---
2026-07-25T16:56:29.8066055Z       duration_ms: 1.292033
2026-07-25T16:56:29.8066269Z       type: 'test'
2026-07-25T16:56:29.8066459Z       ...
2026-07-25T16:56:29.8066639Z     # Subtest: outcome
2026-07-25T16:56:29.8066843Z     ok 2 - outcome
2026-07-25T16:56:29.8067028Z       ---
2026-07-25T16:56:29.8067207Z       duration_ms: 0.616895
2026-07-25T16:56:29.8067423Z       type: 'test'
2026-07-25T16:56:29.8067610Z       ...
2026-07-25T16:56:29.8067786Z     # Subtest: evidence
2026-07-25T16:56:29.8067990Z     ok 3 - evidence
2026-07-25T16:56:29.8068177Z       ---
2026-07-25T16:56:29.8068358Z       duration_ms: 0.682879
2026-07-25T16:56:29.8068569Z       type: 'test'
2026-07-25T16:56:29.8068748Z       ...
2026-07-25T16:56:29.8068913Z     1..3
2026-07-25T16:56:29.8069294Z ok 175 - [T10] every attempt-bearing non-state event requires an earlier attempt
2026-07-25T16:56:29.8069658Z   ---
2026-07-25T16:56:29.8069839Z   duration_ms: 2.907814
2026-07-25T16:56:29.8070047Z   type: 'test'
2026-07-25T16:56:29.8070224Z   ...
2026-07-25T16:56:29.8070600Z # Subtest: [T09] retry lineage rejects wrong, completed, and forked predecessors
2026-07-25T16:56:29.8071014Z     # Subtest: wrong-predecessor
2026-07-25T16:56:29.8071263Z     ok 1 - wrong-predecessor
2026-07-25T16:56:29.8071485Z       ---
2026-07-25T16:56:29.8071671Z       duration_ms: 0.908179
2026-07-25T16:56:29.8071892Z       type: 'test'
2026-07-25T16:56:29.8072076Z       ...
2026-07-25T16:56:29.8072288Z     # Subtest: completed-parent
2026-07-25T16:56:29.8072532Z     ok 2 - completed-parent
2026-07-25T16:56:29.8072747Z       ---
2026-07-25T16:56:29.8072928Z       duration_ms: 0.722154
2026-07-25T16:56:29.8073139Z       type: 'test'
2026-07-25T16:56:29.8073322Z       ...
2026-07-25T16:56:29.8073539Z     # Subtest: forked-successor
2026-07-25T16:56:29.8073938Z     ok 3 - forked-successor
2026-07-25T16:56:29.8074140Z       ---
2026-07-25T16:56:29.8074317Z       duration_ms: 0.710598
2026-07-25T16:56:29.8074530Z       type: 'test'
2026-07-25T16:56:29.8074715Z       ...
2026-07-25T16:56:29.8074883Z     1..3
2026-07-25T16:56:29.8075246Z ok 176 - [T09] retry lineage rejects wrong, completed, and forked predecessors
2026-07-25T16:56:29.8075594Z   ---
2026-07-25T16:56:29.8075771Z   duration_ms: 2.668104
2026-07-25T16:56:29.8075975Z   type: 'test'
2026-07-25T16:56:29.8076154Z   ...
2026-07-25T16:56:29.8076571Z # Subtest: [T06/T08/T11] retry declarations and attempt identity use dedicated diagnostics
2026-07-25T16:56:29.8077007Z     # Subtest: T06:missing-link
2026-07-25T16:56:29.8077245Z     ok 1 - T06:missing-link
2026-07-25T16:56:29.8077461Z       ---
2026-07-25T16:56:29.8077642Z       duration_ms: 0.845449
2026-07-25T16:56:29.8077857Z       type: 'test'
2026-07-25T16:56:29.8078052Z       ...
2026-07-25T16:56:29.8078246Z     # Subtest: T06:not-queued
2026-07-25T16:56:29.8078473Z     ok 2 - T06:not-queued
2026-07-25T16:56:29.8078678Z       ---
2026-07-25T16:56:29.8078860Z       duration_ms: 1.18081
2026-07-25T16:56:29.8079073Z       type: 'test'
2026-07-25T16:56:29.8079253Z       ...
2026-07-25T16:56:29.8079462Z     # Subtest: T08:metadata-change
2026-07-25T16:56:29.8079730Z     ok 3 - T08:metadata-change
2026-07-25T16:56:29.8080148Z       ---
2026-07-25T16:56:29.8080324Z       duration_ms: 0.817489
2026-07-25T16:56:29.8080534Z       type: 'test'
2026-07-25T16:56:29.8080716Z       ...
2026-07-25T16:56:29.8080966Z     # Subtest: T08:duplicate-work-packet-number
2026-07-25T16:56:29.8081307Z     ok 4 - T08:duplicate-work-packet-number
2026-07-25T16:56:29.8081567Z       ---
2026-07-25T16:56:29.8081746Z       duration_ms: 0.778134
2026-07-25T16:56:29.8081959Z       type: 'test'
2026-07-25T16:56:29.8082145Z       ...
2026-07-25T16:56:29.8082330Z     # Subtest: T11:non-retry
2026-07-25T16:56:29.8082551Z     ok 5 - T11:non-retry
2026-07-25T16:56:29.8082883Z       ---
2026-07-25T16:56:29.8083064Z       duration_ms: 0.683449
2026-07-25T16:56:29.8083274Z       type: 'test'
2026-07-25T16:56:29.8083453Z       ...
2026-07-25T16:56:29.8083620Z     1..5
2026-07-25T16:56:29.8084204Z ok 177 - [T06/T08/T11] retry declarations and attempt identity use dedicated diagnostics
2026-07-25T16:56:29.8084588Z   ---
2026-07-25T16:56:29.8084779Z   duration_ms: 4.843274
2026-07-25T16:56:29.8084985Z   type: 'test'
2026-07-25T16:56:29.8085162Z   ...
2026-07-25T16:56:29.8085520Z # Subtest: attempt identity and retry lineage failures are distinguishable
2026-07-25T16:56:29.8085915Z     # Subtest: retry link is required
2026-07-25T16:56:29.8086189Z     ok 1 - retry link is required
2026-07-25T16:56:29.8086414Z       ---
2026-07-25T16:56:29.8086595Z       duration_ms: 0.887189
2026-07-25T16:56:29.8086808Z       type: 'test'
2026-07-25T16:56:29.8086992Z       ...
2026-07-25T16:56:29.8087202Z     # Subtest: retry must start queued
2026-07-25T16:56:29.8087486Z     ok 2 - retry must start queued
2026-07-25T16:56:29.8087715Z       ---
2026-07-25T16:56:29.8087895Z       duration_ms: 0.83872
2026-07-25T16:56:29.8088108Z       type: 'test'
2026-07-25T16:56:29.8088291Z       ...
2026-07-25T16:56:29.8088555Z     # Subtest: retry lineage must use an eligible predecessor
2026-07-25T16:56:29.8088942Z     ok 3 - retry lineage must use an eligible predecessor
2026-07-25T16:56:29.8089233Z       ---
2026-07-25T16:56:29.8089404Z       duration_ms: 0.995001
2026-07-25T16:56:29.8089606Z       type: 'test'
2026-07-25T16:56:29.8089840Z       ...
2026-07-25T16:56:29.8090065Z     # Subtest: attempt declaration is immutable
2026-07-25T16:56:29.8090318Z     ok 4 - attempt declaration is immutable
2026-07-25T16:56:29.8090472Z       ---
2026-07-25T16:56:29.8090582Z       duration_ms: 0.774449
2026-07-25T16:56:29.8090712Z       type: 'test'
2026-07-25T16:56:29.8090822Z       ...
2026-07-25T16:56:29.8090987Z     # Subtest: non-state attempt reference must already exist
2026-07-25T16:56:29.8091224Z     ok 5 - non-state attempt reference must already exist
2026-07-25T16:56:29.8091391Z       ---
2026-07-25T16:56:29.8091502Z       duration_ms: 0.686855
2026-07-25T16:56:29.8091630Z       type: 'test'
2026-07-25T16:56:29.8091741Z       ...
2026-07-25T16:56:29.8091843Z     1..5
2026-07-25T16:56:29.8092049Z ok 178 - attempt identity and retry lineage failures are distinguishable
2026-07-25T16:56:29.8092255Z   ---
2026-07-25T16:56:29.8092367Z   duration_ms: 4.731572
2026-07-25T16:56:29.8092495Z   type: 'test'
2026-07-25T16:56:29.8092605Z   ...
2026-07-25T16:56:29.8092812Z # Subtest: outcome and evidence records may reference a terminal attempt
2026-07-25T16:56:29.8093106Z ok 179 - outcome and evidence records may reference a terminal attempt
2026-07-25T16:56:29.8093299Z   ---
2026-07-25T16:56:29.8093412Z   duration_ms: 1.302838
2026-07-25T16:56:29.8093537Z   type: 'test'
2026-07-25T16:56:29.8093648Z   ...
2026-07-25T16:56:29.8094141Z # Subtest: [T15] a failed handoff remains explicit in state and evidence summaries
2026-07-25T16:56:29.8094700Z ok 180 - [T15] a failed handoff remains explicit in state and evidence summaries
2026-07-25T16:56:29.8095032Z   ---
2026-07-25T16:56:29.8095199Z   duration_ms: 1.174276
2026-07-25T16:56:29.8095391Z   type: 'test'
2026-07-25T16:56:29.8095560Z   ...
2026-07-25T16:56:29.8096186Z # Subtest: strict JSONL framing rejects BOMs, blanks, lone CR, truncation, duplicate keys, and invalid UTF-8
2026-07-25T16:56:29.8096615Z     # Subtest: BOM
2026-07-25T16:56:29.8096798Z     ok 1 - BOM
2026-07-25T16:56:29.8096969Z       ---
2026-07-25T16:56:29.8097142Z       duration_ms: 0.84622
2026-07-25T16:56:29.8097347Z       type: 'test'
2026-07-25T16:56:29.8097521Z       ...
2026-07-25T16:56:29.8097694Z     # Subtest: blank record
2026-07-25T16:56:29.8097903Z     ok 2 - blank record
2026-07-25T16:56:29.8098089Z       ---
2026-07-25T16:56:29.8098260Z       duration_ms: 0.500951
2026-07-25T16:56:29.8098449Z       type: 'test'
2026-07-25T16:56:29.8098564Z       ...
2026-07-25T16:56:29.8098784Z     # Subtest: lone CR
2026-07-25T16:56:29.8098908Z     ok 3 - lone CR
2026-07-25T16:56:29.8099023Z       ---
2026-07-25T16:56:29.8099136Z       duration_ms: 0.398906
2026-07-25T16:56:29.8099296Z       type: 'test'
2026-07-25T16:56:29.8099480Z       ...
2026-07-25T16:56:29.8099699Z     # Subtest: internal CR before CRLF
2026-07-25T16:56:29.8099875Z     ok 4 - internal CR before CRLF
2026-07-25T16:56:29.8100026Z       ---
2026-07-25T16:56:29.8100137Z       duration_ms: 0.374501
2026-07-25T16:56:29.8100268Z       type: 'test'
2026-07-25T16:56:29.8100384Z       ...
2026-07-25T16:56:29.8100596Z     # Subtest: truncated
2026-07-25T16:56:29.8100727Z     ok 5 - truncated
2026-07-25T16:56:29.8100848Z       ---
2026-07-25T16:56:29.8100958Z       duration_ms: 0.692392
2026-07-25T16:56:29.8101089Z       type: 'test'
2026-07-25T16:56:29.8101201Z       ...
2026-07-25T16:56:29.8101317Z     # Subtest: duplicate key
2026-07-25T16:56:29.8101457Z     ok 6 - duplicate key
2026-07-25T16:56:29.8101581Z       ---
2026-07-25T16:56:29.8101697Z       duration_ms: 0.556819
2026-07-25T16:56:29.8101826Z       type: 'test'
2026-07-25T16:56:29.8101941Z       ...
2026-07-25T16:56:29.8102055Z     # Subtest: invalid UTF-8
2026-07-25T16:56:29.8102194Z     ok 7 - invalid UTF-8
2026-07-25T16:56:29.8102317Z       ---
2026-07-25T16:56:29.8102428Z       duration_ms: 0.419805
2026-07-25T16:56:29.8102558Z       type: 'test'
2026-07-25T16:56:29.8102676Z       ...
2026-07-25T16:56:29.8102781Z     1..7
2026-07-25T16:56:29.8103061Z ok 181 - strict JSONL framing rejects BOMs, blanks, lone CR, truncation, duplicate keys, and invalid UTF-8
2026-07-25T16:56:29.8103316Z   ---
2026-07-25T16:56:29.8103426Z   duration_ms: 4.35028
2026-07-25T16:56:29.8103551Z   type: 'test'
2026-07-25T16:56:29.8103659Z   ...
2026-07-25T16:56:29.8104093Z # Subtest: RunEvent dispatch and exact payload ownership fail closed
2026-07-25T16:56:29.8104451Z     # Subtest: missing event version
2026-07-25T16:56:29.8104723Z     ok 1 - missing event version
2026-07-25T16:56:29.8104934Z       ---
2026-07-25T16:56:29.8105112Z       duration_ms: 0.61357
2026-07-25T16:56:29.8105317Z       type: 'test'
2026-07-25T16:56:29.8105491Z       ...
2026-07-25T16:56:29.8105693Z     # Subtest: non-string event version
2026-07-25T16:56:29.8105961Z     ok 2 - non-string event version
2026-07-25T16:56:29.8106181Z       ---
2026-07-25T16:56:29.8106354Z       duration_ms: 0.517394
2026-07-25T16:56:29.8106560Z       type: 'test'
2026-07-25T16:56:29.8106735Z       ...
2026-07-25T16:56:29.8106942Z     # Subtest: unsupported event version
2026-07-25T16:56:29.8107213Z     ok 3 - unsupported event version
2026-07-25T16:56:29.8107437Z       ---
2026-07-25T16:56:29.8107611Z       duration_ms: 0.492469
2026-07-25T16:56:29.8107813Z       type: 'test'
2026-07-25T16:56:29.8107986Z       ...
2026-07-25T16:56:29.8108182Z     # Subtest: wrong artifact kind
2026-07-25T16:56:29.8108432Z     ok 4 - wrong artifact kind
2026-07-25T16:56:29.8108639Z       ---
2026-07-25T16:56:29.8108811Z       duration_ms: 0.527408
2026-07-25T16:56:29.8109017Z       type: 'test'
2026-07-25T16:56:29.8109192Z       ...
2026-07-25T16:56:29.8109388Z     # Subtest: payload smuggling
2026-07-25T16:56:29.8109618Z     ok 5 - payload smuggling
2026-07-25T16:56:29.8109826Z       ---
2026-07-25T16:56:29.8109998Z       duration_ms: 1.148168
2026-07-25T16:56:29.8110200Z       type: 'test'
2026-07-25T16:56:29.8110377Z       ...
2026-07-25T16:56:29.8110711Z     # Subtest: event metadata description
2026-07-25T16:56:29.8118823Z     ok 6 - event metadata description
2026-07-25T16:56:29.8119133Z       ---
2026-07-25T16:56:29.8119317Z       duration_ms: 0.845509
2026-07-25T16:56:29.8119525Z       type: 'test'
2026-07-25T16:56:29.8119703Z       ...
2026-07-25T16:56:29.8119866Z     1..6
2026-07-25T16:56:29.8120182Z ok 182 - RunEvent dispatch and exact payload ownership fail closed
2026-07-25T16:56:29.8120492Z   ---
2026-07-25T16:56:29.8120667Z   duration_ms: 4.647272
2026-07-25T16:56:29.8120868Z   type: 'test'
2026-07-25T16:56:29.8121039Z   ...
2026-07-25T16:56:29.8121377Z # Subtest: evidence references are grammar-checked but never dereferenced
2026-07-25T16:56:29.8122048Z ok 183 - evidence references are grammar-checked but never dereferenced
2026-07-25T16:56:29.8122369Z   ---
2026-07-25T16:56:29.8122539Z   duration_ms: 1.419143
2026-07-25T16:56:29.8122738Z   type: 'test'
2026-07-25T16:56:29.8122913Z   ...
2026-07-25T16:56:29.8123308Z # Subtest: [T13] command and test evidence identifiers enforce the 128-character boundary
2026-07-25T16:56:29.8123719Z     # Subtest: command-at-limit
2026-07-25T16:56:29.8124071Z     ok 1 - command-at-limit
2026-07-25T16:56:29.8124278Z       ---
2026-07-25T16:56:29.8124457Z       duration_ms: 0.62746
2026-07-25T16:56:29.8124664Z       type: 'test'
2026-07-25T16:56:29.8124838Z       ...
2026-07-25T16:56:29.8125040Z     # Subtest: command-over-limit
2026-07-25T16:56:29.8125279Z     ok 2 - command-over-limit
2026-07-25T16:56:29.8125459Z       ---
2026-07-25T16:56:29.8125572Z       duration_ms: 0.95177
2026-07-25T16:56:29.8125702Z       type: 'test'
2026-07-25T16:56:29.8125819Z       ...
2026-07-25T16:56:29.8125933Z     # Subtest: test-at-limit
2026-07-25T16:56:29.8126073Z     ok 3 - test-at-limit
2026-07-25T16:56:29.8126202Z       ---
2026-07-25T16:56:29.8126316Z       duration_ms: 0.599901
2026-07-25T16:56:29.8126446Z       type: 'test'
2026-07-25T16:56:29.8126614Z       ...
2026-07-25T16:56:29.8126805Z     # Subtest: test-over-limit
2026-07-25T16:56:29.8127035Z     ok 4 - test-over-limit
2026-07-25T16:56:29.8127238Z       ---
2026-07-25T16:56:29.8127361Z       duration_ms: 1.885029
2026-07-25T16:56:29.8127492Z       type: 'test'
2026-07-25T16:56:29.8127604Z       ...
2026-07-25T16:56:29.8127708Z     1..4
2026-07-25T16:56:29.8127939Z ok 184 - [T13] command and test evidence identifiers enforce the 128-character boundary
2026-07-25T16:56:29.8128164Z   ---
2026-07-25T16:56:29.8128275Z   duration_ms: 4.433234
2026-07-25T16:56:29.8128400Z   type: 'test'
2026-07-25T16:56:29.8128509Z   ...
2026-07-25T16:56:29.8128713Z # Subtest: [L02] bounded reads allocate from the verified descriptor size
2026-07-25T16:56:29.8129013Z ok 185 - [L02] bounded reads allocate from the verified descriptor size
2026-07-25T16:56:29.8129204Z   ---
2026-07-25T16:56:29.8129314Z   duration_ms: 0.330148
2026-07-25T16:56:29.8129439Z   type: 'test'
2026-07-25T16:56:29.8129548Z   ...
2026-07-25T16:56:29.8129779Z # Subtest: trace paths reject unsafe forms, links, non-files, and detectable mutation
2026-07-25T16:56:29.8130157Z ok 186 - trace paths reject unsafe forms, links, non-files, and detectable mutation
2026-07-25T16:56:29.8130387Z   ---
2026-07-25T16:56:29.8130517Z   duration_ms: 1.712849
2026-07-25T16:56:29.8130641Z   type: 'test'
2026-07-25T16:56:29.8130750Z   ...
2026-07-25T16:56:29.8130998Z # Subtest: line, trace, event-count, and depth ceilings emit dedicated diagnostics
2026-07-25T16:56:29.8131364Z ok 187 - line, trace, event-count, and depth ceilings emit dedicated diagnostics
2026-07-25T16:56:29.8131579Z   ---
2026-07-25T16:56:29.8131687Z   duration_ms: 488.927033
2026-07-25T16:56:29.8131843Z   type: 'test'
2026-07-25T16:56:29.8131953Z   ...
2026-07-25T16:56:29.8132189Z # Subtest: evidence summaries cap deterministically and report exact omissions
2026-07-25T16:56:29.8132533Z ok 188 - evidence summaries cap deterministically and report exact omissions
2026-07-25T16:56:29.8132748Z   ---
2026-07-25T16:56:29.8132857Z   duration_ms: 89.882825
2026-07-25T16:56:29.8133001Z   type: 'test'
2026-07-25T16:56:29.8133237Z   ...
2026-07-25T16:56:29.8133450Z # Subtest: the normative secret detector has positive and near-miss coverage
2026-07-25T16:56:29.8133947Z ok 189 - the normative secret detector has positive and near-miss coverage
2026-07-25T16:56:29.8134151Z   ---
2026-07-25T16:56:29.8134277Z   duration_ms: 0.228783
2026-07-25T16:56:29.8134404Z   type: 'test'
2026-07-25T16:56:29.8134511Z   ...
2026-07-25T16:56:29.8134761Z # Subtest: [PR03] every rendered summary string slot suppresses secrets with one warning
2026-07-25T16:56:29.8135131Z ok 190 - [PR03] every rendered summary string slot suppresses secrets with one warning
2026-07-25T16:56:29.8135461Z   ---
2026-07-25T16:56:29.8135573Z   duration_ms: 1.559319
2026-07-25T16:56:29.8135716Z   type: 'test'
2026-07-25T16:56:29.8135825Z   ...
2026-07-25T16:56:29.8136078Z # Subtest: secret-bearing trace names are suppressed on invalid-input diagnostics too
2026-07-25T16:56:29.8136458Z ok 191 - secret-bearing trace names are suppressed on invalid-input diagnostics too
2026-07-25T16:56:29.8136680Z   ---
2026-07-25T16:56:29.8136809Z   duration_ms: 0.59323
2026-07-25T16:56:29.8136934Z   type: 'test'
2026-07-25T16:56:29.8137059Z   ...
2026-07-25T16:56:29.8137288Z # Subtest: trace inspection remains offline, process-free, and adapter-free
2026-07-25T16:56:29.8137623Z ok 192 - trace inspection remains offline, process-free, and adapter-free
2026-07-25T16:56:29.8137858Z   ---
2026-07-25T16:56:29.8137966Z   duration_ms: 0.822835
2026-07-25T16:56:29.8138090Z   type: 'test'
2026-07-25T16:56:29.8138213Z   ...
2026-07-25T16:56:29.8138485Z # Subtest: declared TypeScript file defeats ambient and candidate-local command substitution
2026-07-25T16:56:29.8138909Z ok 193 - declared TypeScript file defeats ambient and candidate-local command substitution
2026-07-25T16:56:29.8139160Z   ---
2026-07-25T16:56:29.8139289Z   duration_ms: 52.313787
2026-07-25T16:56:29.8139416Z   type: 'test'
2026-07-25T16:56:29.8139524Z   ...
2026-07-25T16:56:29.8139760Z # Subtest: repository-local fallback executes the exact resolved file
2026-07-25T16:56:29.8140075Z ok 194 - repository-local fallback executes the exact resolved file
2026-07-25T16:56:29.8140285Z   ---
2026-07-25T16:56:29.8140398Z   duration_ms: 50.271868
2026-07-25T16:56:29.8140537Z   type: 'test'
2026-07-25T16:56:29.8140649Z   ...
2026-07-25T16:56:29.8140869Z # Subtest: repository fallback canonicalizes a linked dependency ancestor
2026-07-25T16:56:29.8141190Z ok 195 - repository fallback canonicalizes a linked dependency ancestor
2026-07-25T16:56:29.8141388Z   ---
2026-07-25T16:56:29.8141510Z   duration_ms: 68.935928
2026-07-25T16:56:29.8141644Z   type: 'test'
2026-07-25T16:56:29.8141755Z   ...
2026-07-25T16:56:29.8141974Z # Subtest: execution stops when version inspection mutates the bound file
2026-07-25T16:56:29.8142289Z ok 196 - execution stops when version inspection mutates the bound file
2026-07-25T16:56:29.8142500Z   ---
2026-07-25T16:56:29.8142608Z   duration_ms: 27.242277
2026-07-25T16:56:29.8142736Z   type: 'test'
2026-07-25T16:56:29.8142867Z   ...
2026-07-25T16:56:29.8143074Z # Subtest: execution detects persistent mutation during compilation
2026-07-25T16:56:29.8143357Z ok 197 - execution detects persistent mutation during compilation
2026-07-25T16:56:29.8143544Z   ---
2026-07-25T16:56:29.8143651Z   duration_ms: 45.30332
2026-07-25T16:56:29.8143950Z   type: 'test'
2026-07-25T16:56:29.8144078Z   ...
2026-07-25T16:56:29.8144288Z # Subtest: TypeScript binding rejects ambiguous, contained, and linked files
2026-07-25T16:56:29.8144602Z ok 198 - TypeScript binding rejects ambiguous, contained, and linked files
2026-07-25T16:56:29.8144831Z   ---
2026-07-25T16:56:29.8144940Z   duration_ms: 6.417628
2026-07-25T16:56:29.8145065Z   type: 'test'
2026-07-25T16:56:29.8145174Z   ...
2026-07-25T16:56:29.8145415Z # Subtest: package, release gate, and packed consumer bind explicit TypeScript authority
2026-07-25T16:56:29.8145938Z ok 199 - package, release gate, and packed consumer bind explicit TypeScript authority
2026-07-25T16:56:29.8146475Z   ---
2026-07-25T16:56:29.8146641Z   duration_ms: 1.676084
2026-07-25T16:56:29.8146835Z   type: 'test'
2026-07-25T16:56:29.8147003Z   ...
2026-07-25T16:56:29.8147385Z # Subtest: the V10 executor dogfood trace is bounded, inspectable, and repeatable
2026-07-25T16:56:29.8147750Z ok 200 - the V10 executor dogfood trace is bounded, inspectable, and repeatable
2026-07-25T16:56:29.8147986Z   ---
2026-07-25T16:56:29.8148096Z   duration_ms: 163.271987
2026-07-25T16:56:29.8148224Z   type: 'test'
2026-07-25T16:56:29.8148335Z   ...
2026-07-25T16:56:29.8148567Z # Subtest: the V10 dogfood harness removes its owned workspace after an injected failure
2026-07-25T16:56:29.8149061Z ok 201 - the V10 dogfood harness removes its owned workspace after an injected failure
2026-07-25T16:56:29.8149281Z   ---
2026-07-25T16:56:29.8149390Z   duration_ms: 5.076565
2026-07-25T16:56:29.8149513Z   type: 'test'
2026-07-25T16:56:29.8149621Z   ...
2026-07-25T16:56:29.8149847Z # Subtest: dogfood context reads accept regular files inside the repository root
2026-07-25T16:56:29.8150176Z ok 202 - dogfood context reads accept regular files inside the repository root
2026-07-25T16:56:29.8150384Z   ---
2026-07-25T16:56:29.8150490Z   duration_ms: 2.1999
2026-07-25T16:56:29.8150613Z   type: 'test'
2026-07-25T16:56:29.8150722Z   ...
2026-07-25T16:56:29.8150947Z # Subtest: dogfood context verification rejects bytes changed by an LF clean filter
2026-07-25T16:56:29.8151286Z ok 203 - dogfood context verification rejects bytes changed by an LF clean filter
2026-07-25T16:56:29.8151500Z   ---
2026-07-25T16:56:29.8151610Z   duration_ms: 0.405949
2026-07-25T16:56:29.8151742Z   type: 'test'
2026-07-25T16:56:29.8151852Z   ...
2026-07-25T16:56:29.8152082Z # Subtest: dogfood context verification accepts LF bytes unchanged by the clean filter
2026-07-25T16:56:29.8152433Z ok 204 - dogfood context verification accepts LF bytes unchanged by the clean filter
2026-07-25T16:56:29.8152653Z   ---
2026-07-25T16:56:29.8152760Z   duration_ms: 0.198568
2026-07-25T16:56:29.8152891Z   type: 'test'
2026-07-25T16:56:29.8152999Z   ...
2026-07-25T16:56:29.8153249Z # Subtest: dogfood context verification rejects an explicit CRLF checkout before hashing bytes
2026-07-25T16:56:29.8153664Z ok 205 - dogfood context verification rejects an explicit CRLF checkout before hashing bytes
2026-07-25T16:56:29.8154055Z   ---
2026-07-25T16:56:29.8154164Z   duration_ms: 0.131557
2026-07-25T16:56:29.8154289Z   type: 'test'
2026-07-25T16:56:29.8154397Z   ...
2026-07-25T16:56:29.8154606Z # Subtest: dogfood context verification rejects an active custom Git filter
2026-07-25T16:56:29.8154910Z ok 206 - dogfood context verification rejects an active custom Git filter
2026-07-25T16:56:29.8155117Z   ---
2026-07-25T16:56:29.8155224Z   duration_ms: 0.115223
2026-07-25T16:56:29.8155345Z   type: 'test'
2026-07-25T16:56:29.8155453Z   ...
2026-07-25T16:56:29.8155670Z # Subtest: dogfood context verification rejects an active working-tree encoding
2026-07-25T16:56:29.8155997Z ok 207 - dogfood context verification rejects an active working-tree encoding
2026-07-25T16:56:29.8156204Z   ---
2026-07-25T16:56:29.8156310Z   duration_ms: 0.108723
2026-07-25T16:56:29.8156433Z   type: 'test'
2026-07-25T16:56:29.8156543Z   ...
2026-07-25T16:56:29.8156778Z # Subtest: dogfood context verification rejects a source without an explicit eol policy
2026-07-25T16:56:29.8157135Z ok 208 - dogfood context verification rejects a source without an explicit eol policy
2026-07-25T16:56:29.8157358Z   ---
2026-07-25T16:56:29.8157465Z   duration_ms: 0.132398
2026-07-25T16:56:29.8157588Z   type: 'test'
2026-07-25T16:56:29.8157697Z   ...
2026-07-25T16:56:29.8157936Z # Subtest: dogfood context verification rejects an active filter before hashing bytes
2026-07-25T16:56:29.8158275Z ok 209 - dogfood context verification rejects an active filter before hashing bytes
2026-07-25T16:56:29.8158491Z   ---
2026-07-25T16:56:29.8158597Z   duration_ms: 0.100831
2026-07-25T16:56:29.8158720Z   type: 'test'
2026-07-25T16:56:29.8158827Z   ...
2026-07-25T16:56:29.8159160Z # Subtest: dogfood context verification rejects ident expansion before hashing bytes
2026-07-25T16:56:29.8159508Z ok 210 - dogfood context verification rejects ident expansion before hashing bytes
2026-07-25T16:56:29.8159728Z   ---
2026-07-25T16:56:29.8159835Z   duration_ms: 0.219639
2026-07-25T16:56:29.8159958Z   type: 'test'
2026-07-25T16:56:29.8160068Z   ...
2026-07-25T16:56:29.8160318Z # Subtest: dogfood context verification rejects the legacy crlf attribute before hashing bytes
2026-07-25T16:56:29.8160697Z ok 211 - dogfood context verification rejects the legacy crlf attribute before hashing bytes
2026-07-25T16:56:29.8161019Z   ---
2026-07-25T16:56:29.8161125Z   duration_ms: 0.28022
2026-07-25T16:56:29.8161249Z   type: 'test'
2026-07-25T16:56:29.8161356Z   ...
2026-07-25T16:56:29.8161590Z # Subtest: dogfood context verification rejects a bare CR under an explicit LF checkout
2026-07-25T16:56:29.8161967Z ok 212 - dogfood context verification rejects a bare CR under an explicit LF checkout
2026-07-25T16:56:29.8162197Z   ---
2026-07-25T16:56:29.8162304Z   duration_ms: 0.168402
2026-07-25T16:56:29.8162426Z   type: 'test'
2026-07-25T16:56:29.8162534Z   ...
2026-07-25T16:56:29.8162777Z # Subtest: dogfood context verification rejects ambiguous filter names before hashing bytes
2026-07-25T16:56:29.8163148Z ok 213 - dogfood context verification rejects ambiguous filter names before hashing bytes
2026-07-25T16:56:29.8163377Z   ---
2026-07-25T16:56:29.8163485Z   duration_ms: 0.13975
2026-07-25T16:56:29.8163608Z   type: 'test'
2026-07-25T16:56:29.8163716Z   ...
2026-07-25T16:56:29.8164116Z # Subtest: Git attribute parsing accepts variable unique records and rejects malformed output
2026-07-25T16:56:29.8164501Z ok 214 - Git attribute parsing accepts variable unique records and rejects malformed output
2026-07-25T16:56:29.8164733Z   ---
2026-07-25T16:56:29.8164842Z   duration_ms: 0.694712
2026-07-25T16:56:29.8164965Z   type: 'test'
2026-07-25T16:56:29.8165074Z   ...
2026-07-25T16:56:29.8165326Z # Subtest: dogfood context reads reject an in-root junction targeting an external directory
2026-07-25T16:56:29.8165712Z ok 215 - dogfood context reads reject an in-root junction targeting an external directory
2026-07-25T16:56:29.8165942Z   ---
2026-07-25T16:56:29.8166050Z   duration_ms: 1.348744
2026-07-25T16:56:29.8166175Z   type: 'test'
2026-07-25T16:56:29.8166284Z   ...
2026-07-25T16:56:29.8166487Z # Subtest: dogfood goal and approval controls reject duplicate JSON keys
2026-07-25T16:56:29.8166784Z ok 216 - dogfood goal and approval controls reject duplicate JSON keys
2026-07-25T16:56:29.8166979Z   ---
2026-07-25T16:56:29.8167090Z   duration_ms: 2.0066
2026-07-25T16:56:29.8167215Z   type: 'test'
2026-07-25T16:56:29.8167328Z   ...
2026-07-25T16:56:29.8167559Z # Subtest: dogfood approval controls reject a parent junction instead of following it
2026-07-25T16:56:29.8167906Z ok 217 - dogfood approval controls reject a parent junction instead of following it
2026-07-25T16:56:29.8168122Z   ---
2026-07-25T16:56:29.8168236Z   duration_ms: 1.901703
2026-07-25T16:56:29.8168360Z   type: 'test'
2026-07-25T16:56:29.8168469Z   ...
2026-07-25T16:56:29.8168699Z # Subtest: dogfood evidence writes reject package-parent redirection before mutation
2026-07-25T16:56:29.8169047Z ok 218 - dogfood evidence writes reject package-parent redirection before mutation
2026-07-25T16:56:29.8169265Z   ---
2026-07-25T16:56:29.8169371Z   duration_ms: 0.983255
2026-07-25T16:56:29.8169493Z   type: 'test'
2026-07-25T16:56:29.8169601Z   ...
2026-07-25T16:56:29.8169806Z # Subtest: dogfood context verification rejects unsupported source kinds
2026-07-25T16:56:29.8170106Z ok 219 - dogfood context verification rejects unsupported source kinds
2026-07-25T16:56:29.8170305Z   ---
2026-07-25T16:56:29.8170411Z   duration_ms: 0.281302
2026-07-25T16:56:29.8170555Z   type: 'test'
2026-07-25T16:56:29.8170664Z   ...
2026-07-25T16:56:29.8170894Z # Subtest: dogfood context verification requires one exact attribute-policy binding
2026-07-25T16:56:29.8171372Z ok 220 - dogfood context verification requires one exact attribute-policy binding
2026-07-25T16:56:29.8171590Z   ---
2026-07-25T16:56:29.8171697Z   duration_ms: 0.190736
2026-07-25T16:56:29.8171853Z   type: 'test'
2026-07-25T16:56:29.8172022Z   ...
2026-07-25T16:56:29.8172401Z # Subtest: every active V11 source is LF clean-filter stable with the attribute policy bound
2026-07-25T16:56:29.8172999Z ok 221 - every active V11 source is LF clean-filter stable with the attribute policy bound
2026-07-25T16:56:29.8173395Z   ---
2026-07-25T16:56:29.8173576Z   duration_ms: 549.722655
2026-07-25T16:56:29.8173896Z   type: 'test'
2026-07-25T16:56:29.8174125Z   ...
2026-07-25T16:56:29.8174367Z # Subtest: prelaunch audit authenticates the complete candidate without self-reference
2026-07-25T16:56:29.8174727Z ok 222 - prelaunch audit authenticates the complete candidate without self-reference
2026-07-25T16:56:29.8174951Z   ---
2026-07-25T16:56:29.8175060Z   duration_ms: 0.989003
2026-07-25T16:56:29.8175182Z   type: 'test'
2026-07-25T16:56:29.8175291Z   ...
2026-07-25T16:56:29.8175519Z # Subtest: prelaunch audit forces an independent binder and compilation reviewer
2026-07-25T16:56:29.8175848Z ok 223 - prelaunch audit forces an independent binder and compilation reviewer
2026-07-25T16:56:29.8176057Z   ---
2026-07-25T16:56:29.8176166Z   duration_ms: 102.26508
2026-07-25T16:56:29.8176294Z   type: 'test'
2026-07-25T16:56:29.8176405Z   ...
2026-07-25T16:56:29.8176688Z # Subtest: launch authorization binds both packages, the verification receipt, and the exact PASS handoff
2026-07-25T16:56:29.8177125Z ok 224 - launch authorization binds both packages, the verification receipt, and the exact PASS handoff
2026-07-25T16:56:29.8177385Z   ---
2026-07-25T16:56:29.8177492Z   duration_ms: 22.81838
2026-07-25T16:56:29.8177617Z   type: 'test'
2026-07-25T16:56:29.8177726Z   ...
2026-07-25T16:56:29.8177989Z # Subtest: launch authorization rejects malformed, non-PASS, stale, and incomplete audit handoffs
2026-07-25T16:56:29.8178394Z ok 225 - launch authorization rejects malformed, non-PASS, stale, and incomplete audit handoffs
2026-07-25T16:56:29.8178635Z   ---
2026-07-25T16:56:29.8178743Z   duration_ms: 169.36333
2026-07-25T16:56:29.8178872Z   type: 'test'
2026-07-25T16:56:29.8178981Z   ...
2026-07-25T16:56:29.8179245Z # Subtest: launch authorization accepts paired supplementary Unicode in free-text handoff fields
2026-07-25T16:56:29.8179643Z ok 226 - launch authorization accepts paired supplementary Unicode in free-text handoff fields
2026-07-25T16:56:29.8179886Z   ---
2026-07-25T16:56:29.8179992Z   duration_ms: 2.467252
2026-07-25T16:56:29.8180118Z   type: 'test'
2026-07-25T16:56:29.8180233Z   ...
2026-07-25T16:56:29.8180461Z # Subtest: launch authorization rejects secret-bearing and non-scalar handoff paths
2026-07-25T16:56:29.8180710Z     # Subtest: lone high surrogate
2026-07-25T16:56:29.8180874Z     ok 1 - lone high surrogate
2026-07-25T16:56:29.8181010Z       ---
2026-07-25T16:56:29.8181127Z       duration_ms: 1.767532
2026-07-25T16:56:29.8181260Z       type: 'test'
2026-07-25T16:56:29.8181381Z       ...
2026-07-25T16:56:29.8181510Z     # Subtest: lone low surrogate
2026-07-25T16:56:29.8181664Z     ok 2 - lone low surrogate
2026-07-25T16:56:29.8181893Z       ---
2026-07-25T16:56:29.8182060Z       duration_ms: 1.437908
2026-07-25T16:56:29.8182249Z       type: 'test'
2026-07-25T16:56:29.8182364Z       ...
2026-07-25T16:56:29.8182475Z     # Subtest: secret
2026-07-25T16:56:29.8182600Z     ok 3 - secret
2026-07-25T16:56:29.8182715Z       ---
2026-07-25T16:56:29.8182877Z       duration_ms: 1.397417
2026-07-25T16:56:29.8183073Z       type: 'test'
2026-07-25T16:56:29.8183186Z       ...
2026-07-25T16:56:29.8183368Z     1..3
2026-07-25T16:56:29.8183632Z ok 227 - launch authorization rejects secret-bearing and non-scalar handoff paths
2026-07-25T16:56:29.8184040Z   ---
2026-07-25T16:56:29.8184150Z   duration_ms: 5.170857
2026-07-25T16:56:29.8184279Z   type: 'test'
2026-07-25T16:56:29.8184389Z   ...
2026-07-25T16:56:29.8184749Z # Subtest: launch authorization rejects unbound or semantically invalid verification receipts
2026-07-25T16:56:29.8185134Z ok 228 - launch authorization rejects unbound or semantically invalid verification receipts
2026-07-25T16:56:29.8185369Z   ---
2026-07-25T16:56:29.8185478Z   duration_ms: 101.662441
2026-07-25T16:56:29.8185609Z   type: 'test'
2026-07-25T16:56:29.8185717Z   ...
2026-07-25T16:56:29.8185954Z # Subtest: launch authorization rejects stale package bindings and unowned handoff paths
2026-07-25T16:56:29.8186318Z ok 229 - launch authorization rejects stale package bindings and unowned handoff paths
2026-07-25T16:56:29.8186542Z   ---
2026-07-25T16:56:29.8186738Z   duration_ms: 14.415375
2026-07-25T16:56:29.8186865Z   type: 'test'
2026-07-25T16:56:29.8186974Z   ...
2026-07-25T16:56:29.8187205Z # Subtest: hosted CI supplies complete Git history and a repository-local npm cache
2026-07-25T16:56:29.8187546Z ok 230 - hosted CI supplies complete Git history and a repository-local npm cache
2026-07-25T16:56:29.8187760Z   ---
2026-07-25T16:56:29.8187872Z   duration_ms: 1.703776
2026-07-25T16:56:29.8187996Z   type: 'test'
2026-07-25T16:56:29.8188105Z   ...
2026-07-25T16:56:29.8188319Z # Subtest: hosted CI contract rejects unprotected checkout and write authority
2026-07-25T16:56:29.8188636Z ok 231 - hosted CI contract rejects unprotected checkout and write authority
2026-07-25T16:56:29.8188840Z   ---
2026-07-25T16:56:29.8188946Z   duration_ms: 2.624647
2026-07-25T16:56:29.8189071Z   type: 'test'
2026-07-25T16:56:29.8189180Z   ...
2026-07-25T16:56:29.8189375Z # Subtest: candidate lock applicability distinguishes glibc and musl
2026-07-25T16:56:29.8189662Z ok 232 - candidate lock applicability distinguishes glibc and musl
2026-07-25T16:56:29.8189859Z   ---
2026-07-25T16:56:29.8189965Z   duration_ms: 0.381222
2026-07-25T16:56:29.8190092Z   type: 'test'
2026-07-25T16:56:29.8190200Z   ...
2026-07-25T16:56:29.8190431Z # Subtest: candidate dependency and canonical commands use one authenticated npm CLI
2026-07-25T16:56:29.8190786Z ok 233 - candidate dependency and canonical commands use one authenticated npm CLI
2026-07-25T16:56:29.8191006Z   ---
2026-07-25T16:56:29.8191111Z   duration_ms: 5.175674
2026-07-25T16:56:29.8191233Z   type: 'test'
2026-07-25T16:56:29.8191342Z   ...
2026-07-25T16:56:29.8191564Z # Subtest: canonical evidence slot is atomically owned, published, and retry-safe
2026-07-25T16:56:29.8191893Z ok 234 - canonical evidence slot is atomically owned, published, and retry-safe
2026-07-25T16:56:29.8191943Z   ---
2026-07-25T16:56:29.8191997Z   duration_ms: 275.075556
2026-07-25T16:56:29.8192047Z   type: 'test'
2026-07-25T16:56:29.8192094Z   ...
2026-07-25T16:56:29.8192237Z # Subtest: aggregate preparation failures retain every nested cause
2026-07-25T16:56:29.8192372Z ok 235 - aggregate preparation failures retain every nested cause
2026-07-25T16:56:29.8192417Z   ---
2026-07-25T16:56:29.8192473Z   duration_ms: 0.725168
2026-07-25T16:56:29.8192525Z   type: 'test'
2026-07-25T16:56:29.8192569Z   ...
2026-07-25T16:56:29.8192695Z # Subtest: failed preparation removes every owned resource
2026-07-25T16:56:29.8192807Z ok 236 - failed preparation removes every owned resource
2026-07-25T16:56:29.8192854Z   ---
2026-07-25T16:56:29.8192905Z   duration_ms: 3.457226
2026-07-25T16:56:29.8192955Z   type: 'test'
2026-07-25T16:56:29.8193002Z   ...
2026-07-25T16:56:29.8193168Z # Subtest: packed consumer retains and executes the complete TypeScript binding
2026-07-25T16:56:29.8193326Z ok 237 - packed consumer retains and executes the complete TypeScript binding
2026-07-25T16:56:29.8193371Z   ---
2026-07-25T16:56:29.8193424Z   duration_ms: 0.478237
2026-07-25T16:56:29.8193475Z   type: 'test'
2026-07-25T16:56:29.8193525Z   ...
2026-07-25T16:56:29.8193695Z # Subtest: canonical gate materialization uses a constant-process Git blob batch
2026-07-25T16:56:29.8194053Z ok 238 - canonical gate materialization uses a constant-process Git blob batch
2026-07-25T16:56:29.8194129Z   ---
2026-07-25T16:56:29.8194201Z   duration_ms: 335.551887
2026-07-25T16:56:29.8194250Z   type: 'test'
2026-07-25T16:56:29.8194404Z   ...
2026-07-25T16:56:29.8194596Z # Subtest: candidate materialization excludes and detects uncommitted verification inputs
2026-07-25T16:56:29.8194806Z ok 239 - candidate materialization excludes and detects uncommitted verification inputs
2026-07-25T16:56:29.8194875Z   ---
2026-07-25T16:56:29.8194961Z   duration_ms: 138.405134
2026-07-25T16:56:29.8195027Z   type: 'test'
2026-07-25T16:56:29.8195072Z   ...
2026-07-25T16:56:29.8195232Z # Subtest: candidate lock and private dependency closure reject substitution
2026-07-25T16:56:29.8195379Z ok 240 - candidate lock and private dependency closure reject substitution
2026-07-25T16:56:29.8195514Z   ---
2026-07-25T16:56:29.8195571Z   duration_ms: 17.440463
2026-07-25T16:56:29.8195618Z   type: 'test'
2026-07-25T16:56:29.8195665Z   ...
2026-07-25T16:56:29.8195832Z # Subtest: runtime ancestor package supply is detected before candidate execution
2026-07-25T16:56:29.8195995Z ok 241 - runtime ancestor package supply is detected before candidate execution
2026-07-25T16:56:29.8196048Z   ---
2026-07-25T16:56:29.8196099Z   duration_ms: 2.4465
2026-07-25T16:56:29.8196150Z   type: 'test'
2026-07-25T16:56:29.8196201Z   ...
2026-07-25T16:56:29.8196503Z # Subtest: release gate scratch namespace preserves nested Windows install headroom
2026-07-25T16:56:29.8196766Z ok 242 - release gate scratch namespace preserves nested Windows install headroom
2026-07-25T16:56:29.8196842Z   ---
2026-07-25T16:56:29.8196943Z   duration_ms: 0.929564
2026-07-25T16:56:29.8197018Z   type: 'test'
2026-07-25T16:56:29.8197090Z   ...
2026-07-25T16:56:29.8197398Z # Subtest: candidate Git context is disposable, exact, and usable from the materialization
2026-07-25T16:56:29.8197767Z not ok 243 - candidate Git context is disposable, exact, and usable from the materialization
2026-07-25T16:56:29.8197840Z   ---
2026-07-25T16:56:29.8197924Z   duration_ms: 128.648944
2026-07-25T16:56:29.8198002Z   type: 'test'
2026-07-25T16:56:29.8198343Z   location: '/home/runner/work/SWECircuit/SWECircuit/test/v12-release-gate.test.mjs:902:1'
2026-07-25T16:56:29.8198511Z   failureType: 'testCodeFailure'
2026-07-25T16:56:29.8198765Z   error: 'causal tracked entry did not cross the Windows long-path boundary'
2026-07-25T16:56:29.8198856Z   code: 'ERR_ASSERTION'
2026-07-25T16:56:29.8198951Z   name: 'AssertionError'
2026-07-25T16:56:29.8199037Z   expected: true
2026-07-25T16:56:29.8199121Z   actual: false
2026-07-25T16:56:29.8199197Z   operator: '=='
2026-07-25T16:56:29.8199293Z   stack: |-
2026-07-25T16:56:29.8199633Z     TestContext.<anonymous> (file:///home/runner/work/SWECircuit/SWECircuit/test/v12-release-gate.test.mjs:962:12)
2026-07-25T16:56:29.8199747Z     async Test.run (node:internal/test_runner/test:1054:7)
2026-07-25T16:56:29.8199945Z     async Test.processPendingSubtests (node:internal/test_runner/test:744:7)
2026-07-25T16:56:29.8200024Z   ...
2026-07-25T16:56:29.8200208Z # Subtest: copied lifecycle preserves enclosing candidate Git authority
2026-07-25T16:56:29.8200356Z ok 244 - copied lifecycle preserves enclosing candidate Git authority
2026-07-25T16:56:29.8200402Z   ---
2026-07-25T16:56:29.8200458Z   duration_ms: 278.978436
2026-07-25T16:56:29.8200506Z   type: 'test'
2026-07-25T16:56:29.8200555Z   ...
2026-07-25T16:56:29.8200738Z # Subtest: canonical gate closes hostile host environment and binds effective authority
2026-07-25T16:56:29.8200910Z ok 245 - canonical gate closes hostile host environment and binds effective authority
2026-07-25T16:56:29.8200958Z   ---
2026-07-25T16:56:29.8201011Z   duration_ms: 115.703844
2026-07-25T16:56:29.8201063Z   type: 'test'
2026-07-25T16:56:29.8201111Z   ...
2026-07-25T16:56:29.8201251Z # Subtest: candidate scratch cleanup supports reverse owner order
2026-07-25T16:56:29.8201382Z ok 246 - candidate scratch cleanup supports reverse owner order
2026-07-25T16:56:29.8201427Z   ---
2026-07-25T16:56:29.8201482Z   duration_ms: 1.868874
2026-07-25T16:56:29.8201529Z   type: 'test'
2026-07-25T16:56:29.8201576Z   ...
2026-07-25T16:56:29.8201788Z # Subtest: empty-directory pruning preserves unrelated state
2026-07-25T16:56:29.8201908Z ok 247 - empty-directory pruning preserves unrelated state
2026-07-25T16:56:29.8201955Z   ---
2026-07-25T16:56:29.8202007Z   duration_ms: 1.39315
2026-07-25T16:56:29.8202058Z   type: 'test'
2026-07-25T16:56:29.8202105Z   ...
2026-07-25T16:56:29.8202264Z # Subtest: canonical command is pinned to the authenticated materialization
2026-07-25T16:56:29.8202415Z ok 248 - canonical command is pinned to the authenticated materialization
2026-07-25T16:56:29.8202459Z   ---
2026-07-25T16:56:29.8202515Z   duration_ms: 0.495663
2026-07-25T16:56:29.8202565Z   type: 'test'
2026-07-25T16:56:29.8202677Z   ...
2026-07-25T16:56:29.8202837Z # Subtest: R2 closes the stronger receipt and all six causal security sources
2026-07-25T16:56:29.8202983Z ok 249 - R2 closes the stronger receipt and all six causal security sources
2026-07-25T16:56:29.8203031Z   ---
2026-07-25T16:56:29.8203082Z   duration_ms: 0.618497
2026-07-25T16:56:29.8203134Z   type: 'test'
2026-07-25T16:56:29.8203184Z   ...
2026-07-25T16:56:29.8203344Z # Subtest: R2 correction review context remains bounded with primary evidence
2026-07-25T16:56:29.8203495Z ok 250 - R2 correction review context remains bounded with primary evidence
2026-07-25T16:56:29.8203539Z   ---
2026-07-25T16:56:29.8203595Z   duration_ms: 553.260042
2026-07-25T16:56:29.8203644Z   type: 'test'
2026-07-25T16:56:29.8203688Z   ...
2026-07-25T16:56:29.8203994Z # Subtest: paths mode remains closed and rejects malformed candidate identities
2026-07-25T16:56:29.8204148Z ok 251 - paths mode remains closed and rejects malformed candidate identities
2026-07-25T16:56:29.8204202Z   ---
2026-07-25T16:56:29.8204257Z   duration_ms: 177.254223
2026-07-25T16:56:29.8204306Z   type: 'test'
2026-07-25T16:56:29.8204353Z   ...
2026-07-25T16:56:29.8204518Z # Subtest: release-review parent rejects unsafe paths and non-exact lock supply
2026-07-25T16:56:29.8204675Z ok 252 - release-review parent rejects unsafe paths and non-exact lock supply
2026-07-25T16:56:29.8204722Z   ---
2026-07-25T16:56:29.8204780Z   duration_ms: 16.208695
2026-07-25T16:56:29.8204831Z   type: 'test'
2026-07-25T16:56:29.8204875Z   ...
2026-07-25T16:56:29.8205055Z # Subtest: release-review parent detects closure mutation and promotes immutable bytes
2026-07-25T16:56:29.8205226Z ok 253 - release-review parent detects closure mutation and promotes immutable bytes
2026-07-25T16:56:29.8205273Z   ---
2026-07-25T16:56:29.8205326Z   duration_ms: 10.015104
2026-07-25T16:56:29.8205379Z   type: 'test'
2026-07-25T16:56:29.8205425Z   ...
2026-07-25T16:56:29.8205612Z # Subtest: release-review promotion preflights the full set and commits the receipt last
2026-07-25T16:56:29.8205796Z ok 254 - release-review promotion preflights the full set and commits the receipt last
2026-07-25T16:56:29.8205841Z   ---
2026-07-25T16:56:29.8205896Z   duration_ms: 12.806411
2026-07-25T16:56:29.8205946Z   type: 'test'
2026-07-25T16:56:29.8205990Z   ...
2026-07-25T16:56:29.8206282Z # Subtest: release-review parent closes environment, outputs, cleanup, and promotion order
2026-07-25T16:56:29.8206584Z ok 255 - release-review parent closes environment, outputs, cleanup, and promotion order
2026-07-25T16:56:29.8206658Z   ---
2026-07-25T16:56:29.8206743Z   duration_ms: 12.391428
2026-07-25T16:56:29.8206822Z   type: 'test'
2026-07-25T16:56:29.8206894Z   ...
2026-07-25T16:56:29.8207180Z # Subtest: operation-root cleanup canonicalizes aliases and rejects unowned roots
2026-07-25T16:56:29.8207452Z ok 256 - operation-root cleanup canonicalizes aliases and rejects unowned roots
2026-07-25T16:56:29.8207524Z   ---
2026-07-25T16:56:29.8207608Z   duration_ms: 2.574082
2026-07-25T16:56:29.8207690Z   type: 'test'
2026-07-25T16:56:29.8207760Z   ...
2026-07-25T16:56:29.8208109Z # Subtest: installed npm 10 or newer uses exact production private configs and rejects the old alias
2026-07-25T16:56:29.8208436Z ok 257 - installed npm 10 or newer uses exact production private configs and rejects the old alias
2026-07-25T16:56:29.8208510Z   ---
2026-07-25T16:56:29.8208719Z   duration_ms: 383.080672
2026-07-25T16:56:29.8208796Z   type: 'test'
2026-07-25T16:56:29.8208869Z   ...
2026-07-25T16:56:29.8209148Z # Subtest: private npm substitution routes stop before process spawn and clean up
2026-07-25T16:56:29.8209415Z ok 258 - private npm substitution routes stop before process spawn and clean up
2026-07-25T16:56:29.8209488Z   ---
2026-07-25T16:56:29.8209570Z   duration_ms: 20.45791
2026-07-25T16:56:29.8209651Z   type: 'test'
2026-07-25T16:56:29.8209721Z   ...
2026-07-25T16:56:29.8209991Z # Subtest: candidate blob batch parsing preserves binary bytes and fails closed
2026-07-25T16:56:29.8210352Z ok 259 - candidate blob batch parsing preserves binary bytes and fails closed
2026-07-25T16:56:29.8210426Z   ---
2026-07-25T16:56:29.8210511Z   duration_ms: 2.372689
2026-07-25T16:56:29.8210586Z   type: 'test'
2026-07-25T16:56:29.8210658Z   ...
2026-07-25T16:56:29.8211043Z # Subtest: parent and verifier harness loaders use constant-process Git blob batches
2026-07-25T16:56:29.8211332Z ok 260 - parent and verifier harness loaders use constant-process Git blob batches
2026-07-25T16:56:29.8211406Z   ---
2026-07-25T16:56:29.8211488Z   duration_ms: 120.009509
2026-07-25T16:56:29.8211569Z   type: 'test'
2026-07-25T16:56:29.8211638Z   ...
2026-07-25T16:56:29.8211891Z # Subtest: Git blob fixtures retain only explicit closed Git configuration
2026-07-25T16:56:29.8212128Z ok 261 - Git blob fixtures retain only explicit closed Git configuration
2026-07-25T16:56:29.8212198Z   ---
2026-07-25T16:56:29.8212282Z   duration_ms: 0.385688
2026-07-25T16:56:29.8212356Z   type: 'test'
2026-07-25T16:56:29.8212431Z   ...
2026-07-25T16:56:29.8212731Z # Subtest: Git blob fixtures execute in a fresh process under the closed Git environment
2026-07-25T16:56:29.8213015Z ok 262 - Git blob fixtures execute in a fresh process under the closed Git environment
2026-07-25T16:56:29.8213090Z   ---
2026-07-25T16:56:29.8213172Z   duration_ms: 169.168383
2026-07-25T16:56:29.8213250Z   type: 'test'
2026-07-25T16:56:29.8213320Z   ...
2026-07-25T16:56:29.8213558Z # Subtest: Git changed-path diagnostics are canonical and fail closed
2026-07-25T16:56:29.8213888Z ok 263 - Git changed-path diagnostics are canonical and fail closed
2026-07-25T16:56:29.8213959Z   ---
2026-07-25T16:56:29.8214044Z   duration_ms: 0.500741
2026-07-25T16:56:29.8214122Z   type: 'test'
2026-07-25T16:56:29.8214195Z   ...
2026-07-25T16:56:29.8214511Z # Subtest: scoped parent timeout owns residue, kills descendants, and reports timeout first
2026-07-25T16:56:29.8214813Z ok 264 - scoped parent timeout owns residue, kills descendants, and reports timeout first
2026-07-25T16:56:29.8214889Z   ---
2026-07-25T16:56:29.8214994Z   duration_ms: 1035.86391
2026-07-25T16:56:29.8215081Z   type: 'test'
2026-07-25T16:56:29.8215153Z   ...
2026-07-25T16:56:29.8215485Z # Subtest: release-review parent and workers preserve the candidate-runtime import boundary
2026-07-25T16:56:29.8215802Z ok 265 - release-review parent and workers preserve the candidate-runtime import boundary
2026-07-25T16:56:29.8215880Z   ---
2026-07-25T16:56:29.8215965Z   duration_ms: 84.40346
2026-07-25T16:56:29.8216042Z   type: 'test'
2026-07-25T16:56:29.8216115Z   ...
2026-07-25T16:56:29.8216411Z # Subtest: runtime binding is deterministic and fails closed after identity mutation
2026-07-25T16:56:29.8216692Z ok 266 - runtime binding is deterministic and fails closed after identity mutation
2026-07-25T16:56:29.8216767Z   ---
2026-07-25T16:56:29.8216847Z   duration_ms: 0.984687
2026-07-25T16:56:29.8216926Z   type: 'test'
2026-07-25T16:56:29.8216995Z   ...
2026-07-25T16:56:29.8217260Z # Subtest: stable runtime policy excludes invocation-specific temporary paths
2026-07-25T16:56:29.8217508Z ok 267 - stable runtime policy excludes invocation-specific temporary paths
2026-07-25T16:56:29.8217575Z   ---
2026-07-25T16:56:29.8217658Z   duration_ms: 0.655974
2026-07-25T16:56:29.8217730Z   type: 'test'
2026-07-25T16:56:29.8217802Z   ...
2026-07-25T16:56:29.8218079Z # Subtest: closed phase grammar reconstructs prefixes from exact external inputs
2026-07-25T16:56:29.8218454Z ok 268 - closed phase grammar reconstructs prefixes from exact external inputs
2026-07-25T16:56:29.8218525Z   ---
2026-07-25T16:56:29.8218604Z   duration_ms: 1.270195
2026-07-25T16:56:29.8218681Z   type: 'test'
2026-07-25T16:56:29.8218753Z   ...
2026-07-25T16:56:29.8219061Z # Subtest: handoff paths reject non-scalars, controls, non-NFC text, and aliases before use
2026-07-25T16:56:29.8219357Z ok 269 - handoff paths reject non-scalars, controls, non-NFC text, and aliases before use
2026-07-25T16:56:29.8219425Z   ---
2026-07-25T16:56:29.8219509Z   duration_ms: 2.294102
2026-07-25T16:56:29.8219686Z   type: 'test'
2026-07-25T16:56:29.8219756Z   ...
2026-07-25T16:56:29.8220050Z # Subtest: stable reconstruction and phase authority reject substitution independently
2026-07-25T16:56:29.8220329Z ok 270 - stable reconstruction and phase authority reject substitution independently
2026-07-25T16:56:29.8220400Z   ---
2026-07-25T16:56:29.8220478Z   duration_ms: 1.459479
2026-07-25T16:56:29.8220561Z   type: 'test'
2026-07-25T16:56:29.8220631Z   ...
2026-07-25T16:56:29.8220946Z # Subtest: copied production lifecycle excludes correction evidence after its sealed history
2026-07-25T16:56:29.8221252Z ok 271 - copied production lifecycle excludes correction evidence after its sealed history
2026-07-25T16:56:29.8221321Z   ---
2026-07-25T16:56:29.8221405Z   duration_ms: 0.140481
2026-07-25T16:56:29.8221481Z   type: 'test'
2026-07-25T16:56:29.8221550Z   ...
2026-07-25T16:56:29.8221867Z # Subtest: copied production lifecycle consumes the fresh-process release-gate cache supply
2026-07-25T16:56:29.8222172Z ok 272 - copied production lifecycle consumes the fresh-process release-gate cache supply
2026-07-25T16:56:29.8222246Z   ---
2026-07-25T16:56:29.8222326Z   duration_ms: 313.336477
2026-07-25T16:56:29.8222402Z   type: 'test'
2026-07-25T16:56:29.8222473Z   ...
2026-07-25T16:56:29.8222773Z # Subtest: nested fixture repository processes discard an enclosing candidate Git context
2026-07-25T16:56:29.8223071Z ok 273 - nested fixture repository processes discard an enclosing candidate Git context
2026-07-25T16:56:29.8223141Z   ---
2026-07-25T16:56:29.8223225Z   duration_ms: 112.250038
2026-07-25T16:56:29.8223301Z   type: 'test'
2026-07-25T16:56:29.8223369Z   ...
2026-07-25T16:56:29.8223674Z # Subtest: materialized lifecycle executes and receipts one external TypeScript adapter
2026-07-25T16:56:29.8224068Z ok 274 - materialized lifecycle executes and receipts one external TypeScript adapter
2026-07-25T16:56:29.8224139Z   ---
2026-07-25T16:56:29.8224224Z   duration_ms: 252.328307
2026-07-25T16:56:29.8224297Z   type: 'test'
2026-07-25T16:56:29.8224376Z   ...
2026-07-25T16:56:29.8224581Z # Subtest: lifecycle TypeScript evidence parser fails closed
2026-07-25T16:56:29.8224777Z ok 275 - lifecycle TypeScript evidence parser fails closed
2026-07-25T16:56:29.8224847Z   ---
2026-07-25T16:56:29.8224931Z   duration_ms: 1.681931
2026-07-25T16:56:29.8225015Z   type: 'test'
2026-07-25T16:56:29.8225085Z   ...
2026-07-25T16:56:29.8225371Z # Subtest: release runtime and npm compatibility policies are portable and closed
2026-07-25T16:56:29.8225630Z ok 276 - release runtime and npm compatibility policies are portable and closed
2026-07-25T16:56:29.8225704Z   ---
2026-07-25T16:56:29.8225789Z   duration_ms: 0.364836
2026-07-25T16:56:29.8225865Z   type: 'test'
2026-07-25T16:56:29.8225940Z   ...
2026-07-25T16:56:29.8226254Z # Subtest: candidate TypeScript log uses canonical compact JSON and private binding
2026-07-25T16:56:29.8226537Z ok 277 - candidate TypeScript log uses canonical compact JSON and private binding
2026-07-25T16:56:29.8226611Z   ---
2026-07-25T16:56:29.8226700Z   duration_ms: 0.549932
2026-07-25T16:56:29.8226782Z   type: 'test'
2026-07-25T16:56:29.8226853Z   ...
2026-07-25T16:56:29.8227142Z # Subtest: lifecycle adapter compiles the bounded input with host TypeScript
2026-07-25T16:56:29.8227426Z ok 278 - lifecycle adapter compiles the bounded input with host TypeScript
2026-07-25T16:56:29.8227500Z   ---
2026-07-25T16:56:29.8227776Z   duration_ms: 244.521873
2026-07-25T16:56:29.8227852Z   type: 'test'
2026-07-25T16:56:29.8227935Z   ...
2026-07-25T16:56:29.8228302Z # Subtest: materialized lifecycle detects persistent compiler mutation after child return
2026-07-25T16:56:29.8228649Z ok 279 - materialized lifecycle detects persistent compiler mutation after child return
2026-07-25T16:56:29.8228720Z   ---
2026-07-25T16:56:29.8228801Z   duration_ms: 109.822404
2026-07-25T16:56:29.8228879Z   type: 'test'
2026-07-25T16:56:29.8228949Z   ...
2026-07-25T16:56:29.8229287Z # Subtest: R61 rehearsal stdout remains exact under the authenticated LF and hosted-log policies
2026-07-25T16:56:29.8229738Z ok 280 - R61 rehearsal stdout remains exact under the authenticated LF and hosted-log policies
2026-07-25T16:56:29.8229826Z   ---
2026-07-25T16:56:29.8229921Z   duration_ms: 4.460162
2026-07-25T16:56:29.8230010Z   type: 'test'
2026-07-25T16:56:29.8230100Z   ...
2026-07-25T16:56:29.8230373Z # Subtest: R62 dogfood failure envelopes preserve the exact raw streams
2026-07-25T16:56:29.8230629Z ok 281 - R62 dogfood failure envelopes preserve the exact raw streams
2026-07-25T16:56:29.8230702Z   ---
2026-07-25T16:56:29.8230782Z   duration_ms: 0.431373
2026-07-25T16:56:29.8230860Z   type: 'test'
2026-07-25T16:56:29.8230929Z   ...
2026-07-25T16:56:29.8231150Z # Subtest: R63 hosted evidence binds the exact failed policy step
2026-07-25T16:56:29.8231353Z ok 282 - R63 hosted evidence binds the exact failed policy step
2026-07-25T16:56:29.8231427Z   ---
2026-07-25T16:56:29.8231511Z   duration_ms: 0.248915
2026-07-25T16:56:29.8231587Z   type: 'test'
2026-07-25T16:56:29.8231664Z   ...
2026-07-25T16:56:29.8231951Z # Subtest: R64 evidence binds the hosted pass and exact-candidate timeout diagnosis
2026-07-25T16:56:29.8232223Z ok 283 - R64 evidence binds the hosted pass and exact-candidate timeout diagnosis
2026-07-25T16:56:29.8232296Z   ---
2026-07-25T16:56:29.8232388Z   duration_ms: 0.420277
2026-07-25T16:56:29.8232480Z   type: 'test'
2026-07-25T16:56:29.8232559Z   ...
2026-07-25T16:56:29.8232839Z # Subtest: R65 evidence binds the exact four-level path-budget failure
2026-07-25T16:56:29.8233095Z ok 284 - R65 evidence binds the exact four-level path-budget failure
2026-07-25T16:56:29.8233176Z   ---
2026-07-25T16:56:29.8233271Z   duration_ms: 0.365547
2026-07-25T16:56:29.8233357Z   type: 'test'
2026-07-25T16:56:29.8233446Z   ...
2026-07-25T16:56:29.8233874Z # Subtest: the positive copied gate alone receives the extended lifecycle timeout
2026-07-25T16:56:29.8234180Z ok 285 - the positive copied gate alone receives the extended lifecycle timeout
2026-07-25T16:56:29.8234259Z   ---
2026-07-25T16:56:29.8234362Z   duration_ms: 0.359338
2026-07-25T16:56:29.8234454Z   type: 'test'
2026-07-25T16:56:29.8234531Z   ...
2026-07-25T16:56:29.8234809Z # Subtest: lifecycle production identities match current source bytes
2026-07-25T16:56:29.8235080Z ok 286 - lifecycle production identities match current source bytes
2026-07-25T16:56:29.8235158Z   ---
2026-07-25T16:56:29.8235248Z   duration_ms: 0.628783
2026-07-25T16:56:29.8235324Z   type: 'test'
2026-07-25T16:56:29.8235395Z   ...
2026-07-25T16:56:29.8235671Z # Subtest: canonical npm test schedules the exact lifecycle after the core suite
2026-07-25T16:56:29.8235940Z ok 287 - canonical npm test schedules the exact lifecycle after the core suite
2026-07-25T16:56:29.8236015Z   ---
2026-07-25T16:56:29.8236098Z   duration_ms: 0.423492
2026-07-25T16:56:29.8236177Z   type: 'test'
2026-07-25T16:56:29.8236250Z   ...
2026-07-25T16:56:29.8236525Z # Subtest: materialized package closure rejects linked and hard-linked entries
2026-07-25T16:56:29.8236783Z ok 288 - materialized package closure rejects linked and hard-linked entries
2026-07-25T16:56:29.8236858Z   ---
2026-07-25T16:56:29.8236942Z   duration_ms: 6.036302
2026-07-25T16:56:29.8237020Z   type: 'test'
2026-07-25T16:56:29.8237094Z   ...
2026-07-25T16:56:29.8237398Z # Subtest: closed private state rejects source mutation and undeclared post-build files
2026-07-25T16:56:29.8237844Z ok 289 - closed private state rejects source mutation and undeclared post-build files
2026-07-25T16:56:29.8237916Z   ---
2026-07-25T16:56:29.8238000Z   duration_ms: 19.327028
2026-07-25T16:56:29.8238076Z   type: 'test'
2026-07-25T16:56:29.8238144Z   ...
2026-07-25T16:56:29.8238380Z # Subtest: explicit cache and ancestor resolver boundaries fail closed
2026-07-25T16:56:29.8238623Z ok 290 - explicit cache and ancestor resolver boundaries fail closed
2026-07-25T16:56:29.8238701Z   ---
2026-07-25T16:56:29.8238784Z   duration_ms: 4.275211
2026-07-25T16:56:29.8238859Z   type: 'test'
2026-07-25T16:56:29.8238933Z   ...
2026-07-25T16:56:29.8239349Z # Subtest: stable reconstruction is package-defining while phase authority stays separate
2026-07-25T16:56:29.8239656Z ok 291 - stable reconstruction is package-defining while phase authority stays separate
2026-07-25T16:56:29.8239733Z   ---
2026-07-25T16:56:29.8239787Z   duration_ms: 1.330755
2026-07-25T16:56:29.8239840Z   type: 'test'
2026-07-25T16:56:29.8239886Z   ...
2026-07-25T16:56:29.8240094Z # Subtest: active release status avoids volatile candidate-state drift and preserves outcomes
2026-07-25T16:56:29.8240283Z ok 292 - active release status avoids volatile candidate-state drift and preserves outcomes
2026-07-25T16:56:29.8240328Z   ---
2026-07-25T16:56:29.8240383Z   duration_ms: 0.691586
2026-07-25T16:56:29.8240431Z   type: 'test'
2026-07-25T16:56:29.8240479Z   ...
2026-07-25T16:56:29.8240664Z # Subtest: live release routing delegates volatile state to candidate-addressed evidence
2026-07-25T16:56:29.8240839Z ok 293 - live release routing delegates volatile state to candidate-addressed evidence
2026-07-25T16:56:29.8240893Z   ---
2026-07-25T16:56:29.8240946Z   duration_ms: 0.45616
2026-07-25T16:56:29.8240997Z   type: 'test'
2026-07-25T16:56:29.8241041Z   ...
2026-07-25T16:56:29.8241248Z # Subtest: candidate-addressed run roots are closed, disjoint, and preserve Candidate 3 evidence
2026-07-25T16:56:29.8241450Z ok 294 - candidate-addressed run roots are closed, disjoint, and preserve Candidate 3 evidence
2026-07-25T16:56:29.8241495Z   ---
2026-07-25T16:56:29.8241554Z   duration_ms: 254.687737
2026-07-25T16:56:29.8241602Z   type: 'test'
2026-07-25T16:56:29.8241651Z   ...
2026-07-25T16:56:29.8241833Z # Subtest: correction lineage requires revisions 1 through 10 and has no terminal count
2026-07-25T16:56:29.8242006Z ok 295 - correction lineage requires revisions 1 through 10 and has no terminal count
2026-07-25T16:56:29.8242055Z   ---
2026-07-25T16:56:29.8242108Z   duration_ms: 1.067558
2026-07-25T16:56:29.8242159Z   type: 'test'
2026-07-25T16:56:29.8242207Z   ...
2026-07-25T16:56:29.8242358Z # Subtest: working-tree-only inputs and unsafe handoff paths fail closed
2026-07-25T16:56:29.8242506Z ok 296 - working-tree-only inputs and unsafe handoff paths fail closed
2026-07-25T16:56:29.8242552Z   ---
2026-07-25T16:56:29.8242607Z   duration_ms: 0.327771
2026-07-25T16:56:29.8242654Z   type: 'test'
2026-07-25T16:56:29.8242703Z   ...
2026-07-25T16:56:29.8242888Z # Subtest: review package covers every transitive release-security source exactly once
2026-07-25T16:56:29.8243058Z ok 297 - review package covers every transitive release-security source exactly once
2026-07-25T16:56:29.8243108Z   ---
2026-07-25T16:56:29.8243161Z   duration_ms: 499.602839
2026-07-25T16:56:29.8243212Z   type: 'test'
2026-07-25T16:56:29.8243260Z   ...
2026-07-25T16:56:29.8243437Z # Subtest: release-review receipt consumer requires bound v1alpha4 execution authority
2026-07-25T16:56:29.8243610Z ok 298 - release-review receipt consumer requires bound v1alpha4 execution authority
2026-07-25T16:56:29.8243655Z   ---
2026-07-25T16:56:29.8243714Z   duration_ms: 1.036042
2026-07-25T16:56:29.8243911Z   type: 'test'
2026-07-25T16:56:29.8243964Z   ...
2026-07-25T16:56:29.8244169Z # Subtest: post-commit gate evidence is captured outside the candidate without self-reference
2026-07-25T16:56:29.8244356Z ok 299 - post-commit gate evidence is captured outside the candidate without self-reference
2026-07-25T16:56:29.8244405Z   ---
2026-07-25T16:56:29.8244565Z   duration_ms: 0.428099
2026-07-25T16:56:29.8244617Z   type: 'test'
2026-07-25T16:56:29.8244663Z   ...
2026-07-25T16:56:29.8244830Z # Subtest: reviewer snapshots and tooling identity use exact candidate Git blobs
2026-07-25T16:56:29.8244992Z ok 300 - reviewer snapshots and tooling identity use exact candidate Git blobs
2026-07-25T16:56:29.8245037Z   ---
2026-07-25T16:56:29.8245092Z   duration_ms: 0.568856
2026-07-25T16:56:29.8245143Z   type: 'test'
2026-07-25T16:56:29.8245189Z   ...
2026-07-25T16:56:29.8245354Z # Subtest: revision 9 package and handoff verification rejects substituted bytes
2026-07-25T16:56:29.8245598Z ok 301 - revision 9 package and handoff verification rejects substituted bytes
2026-07-25T16:56:29.8245645Z   ---
2026-07-25T16:56:29.8245702Z   duration_ms: 244.025118
2026-07-25T16:56:29.8245750Z   type: 'test'
2026-07-25T16:56:29.8245796Z   ...
2026-07-25T16:56:29.8245842Z 1..301
2026-07-25T16:56:29.8245893Z # tests 469
2026-07-25T16:56:29.8245941Z # suites 0
2026-07-25T16:56:29.8245997Z # pass 468
2026-07-25T16:56:29.8246046Z # fail 1
2026-07-25T16:56:29.8246097Z # cancelled 0
2026-07-25T16:56:29.8246149Z # skipped 0
2026-07-25T16:56:29.8246195Z # todo 0
2026-07-25T16:56:29.8246261Z # duration_ms 45159.229207
2026-07-25T16:56:29.8377136Z ##[error]Process completed with exit code 1.
2026-07-25T16:56:29.8476005Z Post job cleanup.
2026-07-25T16:56:29.9103071Z [command]/usr/bin/git version
2026-07-25T16:56:29.9138616Z git version 2.54.0
2026-07-25T16:56:29.9172484Z Temporarily overriding HOME='/home/runner/work/_temp/b629ebb1-b618-43d0-8502-5afdbda5351e' before making global git config changes
2026-07-25T16:56:29.9172727Z Adding repository directory to the temporary git global config as a safe directory
2026-07-25T16:56:29.9177146Z [command]/usr/bin/git config --global --add safe.directory /home/runner/work/SWECircuit/SWECircuit
2026-07-25T16:56:29.9213922Z Removing SSH command configuration
2026-07-25T16:56:29.9220589Z [command]/usr/bin/git config --local --name-only --get-regexp core\.sshCommand
2026-07-25T16:56:29.9262501Z [command]/usr/bin/git submodule foreach --recursive sh -c "git config --local --name-only --get-regexp 'core\.sshCommand' && git config --local --unset-all 'core.sshCommand' || :"
2026-07-25T16:56:29.9487550Z Removing HTTP extra header
2026-07-25T16:56:29.9492664Z [command]/usr/bin/git config --local --name-only --get-regexp http\.https\:\/\/github\.com\/\.extraheader
2026-07-25T16:56:29.9529231Z [command]/usr/bin/git submodule foreach --recursive sh -c "git config --local --name-only --get-regexp 'http\.https\:\/\/github\.com\/\.extraheader' && git config --local --unset-all 'http.https://github.com/.extraheader' || :"
2026-07-25T16:56:29.9755621Z Removing includeIf entries pointing to credentials config files
2026-07-25T16:56:29.9761083Z [command]/usr/bin/git config --local --name-only --get-regexp ^includeIf\.gitdir:
2026-07-25T16:56:29.9789052Z includeif.gitdir:/home/runner/work/SWECircuit/SWECircuit/.git.path
2026-07-25T16:56:29.9789409Z includeif.gitdir:/home/runner/work/SWECircuit/SWECircuit/.git/worktrees/*.path
2026-07-25T16:56:29.9789642Z includeif.gitdir:/github/workspace/.git.path
2026-07-25T16:56:29.9789872Z includeif.gitdir:/github/workspace/.git/worktrees/*.path
2026-07-25T16:56:29.9795930Z [command]/usr/bin/git config --local --get-all includeif.gitdir:/home/runner/work/SWECircuit/SWECircuit/.git.path
2026-07-25T16:56:29.9820242Z /home/runner/work/_temp/git-credentials-65404fb5-ee11-45e0-b54f-f9371e68ee97.config
2026-07-25T16:56:29.9829582Z [command]/usr/bin/git config --local --unset includeif.gitdir:/home/runner/work/SWECircuit/SWECircuit/.git.path \/home\/runner\/work\/_temp\/git\-credentials\-65404fb5\-ee11\-45e0\-b54f\-f9371e68ee97\.config
2026-07-25T16:56:29.9861495Z [command]/usr/bin/git config --local --get-all includeif.gitdir:/home/runner/work/SWECircuit/SWECircuit/.git/worktrees/*.path
2026-07-25T16:56:29.9885180Z /home/runner/work/_temp/git-credentials-65404fb5-ee11-45e0-b54f-f9371e68ee97.config
2026-07-25T16:56:29.9891723Z [command]/usr/bin/git config --local --unset includeif.gitdir:/home/runner/work/SWECircuit/SWECircuit/.git/worktrees/*.path \/home\/runner\/work\/_temp\/git\-credentials\-65404fb5\-ee11\-45e0\-b54f\-f9371e68ee97\.config
2026-07-25T16:56:29.9930320Z [command]/usr/bin/git config --local --get-all includeif.gitdir:/github/workspace/.git.path
2026-07-25T16:56:29.9953296Z /github/runner_temp/git-credentials-65404fb5-ee11-45e0-b54f-f9371e68ee97.config
2026-07-25T16:56:29.9964558Z [command]/usr/bin/git config --local --unset includeif.gitdir:/github/workspace/.git.path \/github\/runner_temp\/git\-credentials\-65404fb5\-ee11\-45e0\-b54f\-f9371e68ee97\.config
2026-07-25T16:56:29.9995629Z [command]/usr/bin/git config --local --get-all includeif.gitdir:/github/workspace/.git/worktrees/*.path
2026-07-25T16:56:30.0018557Z /github/runner_temp/git-credentials-65404fb5-ee11-45e0-b54f-f9371e68ee97.config
2026-07-25T16:56:30.0025343Z [command]/usr/bin/git config --local --unset includeif.gitdir:/github/workspace/.git/worktrees/*.path \/github\/runner_temp\/git\-credentials\-65404fb5\-ee11\-45e0\-b54f\-f9371e68ee97\.config
2026-07-25T16:56:30.0057715Z [command]/usr/bin/git submodule foreach --recursive git config --local --show-origin --name-only --get-regexp remote.origin.url
2026-07-25T16:56:30.0256776Z Removing credentials config '/home/runner/work/_temp/git-credentials-65404fb5-ee11-45e0-b54f-f9371e68ee97.config'
2026-07-25T16:56:30.0389646Z Cleaning up orphan processes
